engine_id,cycle,op_setting_1,op_setting_2,op_setting_3,s1,s2,s3,s4,s5,s6,s7,s8,s9,s10,s11,s12,s13,s14,s15,s16,s17,s18,s19,s20,s21,RUL
1,30,-0.0022,0.0,100.0,518.67,642.2,1593.52,1396.08,14.62,21.61,554.37,2388.07,9045.62,1.3,47.4,522.19,2388.0,8137.86,8.4065,0.03,390,2388,100.0,39.05,23.411,162
1,40,-0.0,-0.0004,100.0,518.67,642.24,1582.08,1401.77,14.62,21.61,554.57,2388.06,9052.98,1.3,47.33,521.84,2388.01,8131.03,8.3784,0.03,392,2388,100.0,38.84,23.3769,152
1,50,-0.0032,-0.0001,100.0,518.67,642.77,1588.49,1403.62,14.62,21.61,553.92,2388.06,9048.6,1.3,47.47,522.33,2388.09,8127.3,8.4116,0.03,392,2388,100.0,38.85,23.4106,142
1,60,-0.001,-0.0002,100.0,518.67,642.34,1582.75,1403.07,14.62,21.61,554.0,2388.06,9051.69,1.3,47.41,522.49,2388.03,8132.89,8.3878,0.03,393,2388,100.0,38.89,23.387,132
1,70,-0.0005,0.0002,100.0,518.67,642.22,1584.02,1402.78,14.62,21.61,554.01,2388.11,9053.43,1.3,47.41,521.93,2388.12,8130.36,8.4279,0.03,392,2388,100.0,38.86,23.4513,122
2,30,0.0012,0.0,100.0,518.67,641.78,1590.32,1395.07,14.62,21.61,554.62,2387.98,9050.8,1.3,47.2,522.43,2388.0,8136.63,8.419,0.03,391,2388,100.0,39.1,23.3985,257
2,40,0.0005,0.0005,100.0,518.67,642.02,1582.69,1398.38,14.62,21.61,554.07,2388.03,9046.96,1.3,47.22,522.3,2388.01,8137.16,8.401,0.03,391,2388,100.0,38.84,23.4402,247
2,50,-0.0002,-0.0004,100.0,518.67,642.02,1577.86,1399.78,14.62,21.61,554.73,2388.0,9051.65,1.3,47.16,522.16,2388.05,8138.46,8.4042,0.03,391,2388,100.0,39.1,23.353,237
2,60,0.0014,-0.0002,100.0,518.67,642.09,1584.57,1396.84,14.62,21.61,554.06,2388.04,9057.57,1.3,47.12,521.93,2388.02,8141.27,8.4003,0.03,393,2388,100.0,39.11,23.3928,227
2,70,0.0005,-0.0002,100.0,518.67,641.76,1593.24,1397.3,14.62,21.61,554.47,2388.05,9049.78,1.3,47.26,522.17,2387.98,8134.06,8.4118,0.03,392,2388,100.0,39.06,23.3894,217
3,30,0.0012,0.0004,100.0,518.67,642.21,1584.95,1398.1,14.62,21.61,554.05,2388.01,9051.75,1.3,47.23,522.35,2388.04,8140.32,8.3927,0.03,392,2388,100.0,39.01,23.3824,149
3,40,-0.0038,0.0001,100.0,518.67,641.97,1579.38,1403.24,14.62,21.61,553.75,2388.03,9056.52,1.3,47.09,521.84,2388.05,8131.57,8.3987,0.03,392,2388,100.0,39.09,23.4079,139
3,50,0.0012,-0.0004,100.0,518.67,642.51,1586.16,1402.64,14.62,21.61,553.87,2388.03,9056.79,1.3,47.27,522.07,2388.03,8140.55,8.4054,0.03,391,2388,100.0,39.02,23.4013,129
3,60,0.0011,0.0003,100.0,518.67,641.8,1586.82,1405.66,14.62,21.61,553.34,2388.05,9051.65,1.3,47.47,522.23,2388.05,8136.68,8.4616,0.03,394,2388,100.0,38.94,23.2905,119
3,70,-0.0011,0.0004,100.0,518.67,642.54,1587.02,1397.09,14.62,21.61,553.8,2387.99,9067.14,1.3,47.44,521.88,2387.97,8137.91,8.4183,0.03,392,2388,100.0,39.12,23.4527,109
4,30,-0.0011,-0.0002,100.0,518.67,642.7,1584.4,1403.21,14.62,21.61,554.09,2388.1,9055.69,1.3,47.57,521.68,2388.08,8131.94,8.4294,0.03,391,2388,100.0,38.79,23.357,159
4,40,0.0026,0.0003,100.0,518.67,642.77,1596.22,1407.38,14.62,21.61,553.77,2388.04,9053.55,1.3,47.38,522.2,2388.09,8134.81,8.3846,0.03,391,2388,100.0,38.79,23.3047,149
4,50,0.004,-0.0002,100.0,518.67,642.05,1586.99,1403.54,14.62,21.61,552.53,2388.12,9058.09,1.3,47.35,521.85,2388.1,8137.83,8.4348,0.03,391,2388,100.0,38.93,23.2186,139
4,60,-0.0024,-0.0003,100.0,518.67,642.31,1576.64,1404.66,14.62,21.61,553.49,2388.08,9050.23,1.3,47.29,521.94,2388.08,8130.55,8.4349,0.03,392,2388,100.0,38.96,23.3673,129
4,70,0.0002,0.0003,100.0,518.67,642.42,1590.37,1403.68,14.62,21.61,553.6,2388.1,9054.66,1.3,47.37,521.9,2388.04,8136.58,8.4232,0.03,392,2388,100.0,38.96,23.2755,119
5,30,0.0007,-0.0004,100.0,518.67,642.66,1574.8,1397.69,14.62,21.6,555.05,2387.96,9059.85,1.3,47.24,522.87,2388.02,8150.15,8.4038,0.03,392,2388,100.0,38.81,23.4437,239
5,40,0.0001,-0.0002,100.0,518.67,642.76,1583.56,1402.27,14.62,21.61,554.38,2387.97,9066.78,1.3,47.25,522.25,2387.97,8151.02,8.4272,0.03,390,2388,100.0,38.97,23.3585,229
5,50,-0.0011,-0.0001,100.0,518.67,642.2,1586.48,1403.06,14.62,21.61,554.98,2387.97,9067.24,1.3,47.37,522.56,2388.03,8148.17,8.4228,0.03,390,2388,100.0,39.13,23.3994,219
5,60,-0.0008,-0.0005,100.0,518.67,642.0,1582.34,1396.08,14.62,21.61,554.45,2388.06,9058.23,1.3,47.0,522.22,2388.04,8149.18,8.4251,0.03,393,2388,100.0,39.29,23.3856,209
5,70,0.0009,-0.0004,100.0,518.67,641.86,1583.3,1389.87,14.62,21.61,554.51,2387.97,9071.62,1.3,47.1,522.38,2387.99,8146.12,8.3582,0.03,390,2388,100.0,39.05,23.3696,199
6,30,-0.0012,-0.0001,100.0,518.67,642.1,1583.0,1409.32,14.62,21.61,553.29,2388.1,9040.37,1.3,47.46,521.46,2388.15,8115.3,8.4518,0.03,393,2388,100.0,38.97,23.388,158
6,40,0.0016,-0.0,100.0,518.67,642.67,1584.77,1414.82,14.62,21.61,553.58,2388.11,9040.44,1.3,47.4,521.46,2388.14,8121.14,8.4366,0.03,394,2388,100.0,38.78,23.3596,148
6,50,-0.0027,0.0001,100.0,518.67,642.55,1591.46,1401.18,14.62,21.61,553.22,2388.15,9046.78,1.3,47.62,521.01,2388.12,8123.57,8.4519,0.03,394,2388,100.0,38.82,23.2389,138
6,60,-0.0026,-0.0002,100.0,518.67,642.75,1590.14,1406.9,14.62,21.61,552.75,2388.15,9040.18,1.3,47.47,521.5,2388.15,8122.11,8.4205,0.03,392,2388,100.0,38.71,23.2712,128
6,70,0.0022,-0.0003,100.0,518.67,643.06,1599.27,1409.21,14.62,21.61,553.1,2388.18,9038.52,1.3,47.5,521.09,2388.17,8122.54,8.4269,0.03,395,2388,100.0,38.77,23.2539,118
7,30,-0.0016,-0.0004,100.0,518.67,642.18,1585.13,1396.49,14.62,21.6,554.78,2388.03,9069.39,1.3,47.19,522.06,2387.98,8147.52,8.4228,0.03,391,2388,100.0,39.01,23.4269,229
7,40,0.0007,-0.0002,100.0,518.67,642.14,1587.0,1393.32,14.62,21.61,554.96,2387.99,9063.64,1.3,47.32,522.63,2387.95,8153.55,8.3988,0.03,390,2388,100.0,39.11,23.4054,219
7,50,-0.0008,0.0004,100.0,518.67,642.41,1590.47,1400.31,14.62,21.61,553.68,2388.04,9073.14,1.3,47.22,522.43,2387.98,8150.6,8.4159,0.03,393,2388,100.0,38.86,23.5133,209
7,60,-0.0001,-0.0003,100.0,518.67,642.19,1581.21,1396.21,14.62,21.61,554.44,2388.01,9074.64,1.3,47.24,521.99,2388.0,8152.6,8.3696,0.03,390,2388,100.0,39.11,23.2723,199
7,70,-0.002,-0.0005,100.0,518.67,642.09,1583.19,1399.04,14.62,21.61,554.01,2388.05,9063.46,1.3,47.25,521.82,2388.05,8151.95,8.363,0.03,391,2388,100.0,39.01,23.447,189
8,30,0.0004,0.0003,100.0,518.67,643.08,1588.55,1400.07,14.62,21.61,552.45,2388.08,9044.89,1.3,47.59,521.26,2388.14,8121.13,8.4222,0.03,393,2388,100.0,38.81,23.3215,120
8,40,0.0012,0.0004,100.0,518.67,642.33,1587.05,1409.73,14.62,21.61,553.2,2388.14,9050.57,1.3,47.59,521.64,2388.16,8124.43,8.414,0.03,394,2388,100.0,38.91,23.2884,110
8,50,0.0009,-0.0,100.0,518.67,642.46,1596.48,1418.47,14.62,21.61,553.05,2388.17,9046.6,1.3,47.58,520.84,2388.2,8129.67,8.4453,0.03,393,2388,100.0,38.71,23.2612,100
8,60,0.0026,0.0003,100.0,518.67,642.89,1592.58,1413.38,14.62,21.61,552.45,2388.15,9045.93,1.3,47.7,521.52,2388.11,8123.02,8.4372,0.03,393,2388,100.0,38.75,23.2112,90
8,70,0.0027,-0.0003,100.0,518.67,643.09,1598.38,1409.85,14.62,21.61,553.02,2388.14,9038.74,1.3,47.59,520.88,2388.12,8122.58,8.4531,0.03,394,2388,100.0,38.68,23.2438,80
9,30,0.0022,0.0004,100.0,518.67,641.96,1584.82,1396.4,14.62,21.61,554.62,2387.97,9069.3,1.3,47.17,522.49,2388.01,8150.5,8.4135,0.03,391,2388,100.0,39.08,23.4083,171
9,40,-0.0049,0.0004,100.0,518.67,642.38,1592.26,1393.79,14.62,21.61,554.12,2388.0,9065.3,1.3,47.05,522.1,2387.94,8143.52,8.3714,0.03,391,2388,100.0,39.07,23.4292,161
9,50,0.0029,0.0,100.0,518.67,641.95,1585.84,1396.96,14.62,21.61,554.37,2388.02,9066.64,1.3,47.31,523.02,2388.01,8148.66,8.421,0.03,393,2388,100.0,38.99,23.2776,151
9,60,-0.0024,0.0001,100.0,518.67,642.54,1584.68,1398.98,14.62,21.61,553.98,2388.01,9068.77,1.3,47.33,522.21,2388.0,8147.12,8.4107,0.03,391,2388,100.0,38.93,23.4029,141
9,70,0.0009,-0.0005,100.0,518.67,641.94,1585.09,1398.8,14.62,21.61,553.79,2388.07,9070.96,1.3,47.34,522.29,2387.98,8148.64,8.3855,0.03,391,2388,100.0,39.17,23.4468,131
10,30,0.0052,-0.0002,100.0,518.67,641.9,1587.36,1402.48,14.62,21.61,554.46,2388.02,9050.98,1.3,47.31,522.49,2388.0,8137.85,8.3667,0.03,390,2388,100.0,38.96,23.4173,192
10,40,-0.0009,-0.0002,100.0,518.67,642.12,1583.04,1393.76,14.62,21.61,554.21,2388.07,9057.71,1.3,47.15,522.46,2388.02,8134.34,8.4005,0.03,391,2388,100.0,39.24,23.4566,182
10,50,0.001,0.0005,100.0,518.67,641.87,1585.37,1400.5,14.62,21.61,554.45,2388.0,9053.16,1.3,46.96,521.95,2388.04,8140.56,8.4012,0.03,392,2388,100.0,39.08,23.284,172
10,60,-0.0003,0.0004,100.0,518.67,642.04,1584.0,1402.06,14.62,21.61,554.41,2388.09,9055.46,1.3,47.16,521.63,2387.94,8139.41,8.3983,0.03,391,2388,100.0,39.11,23.3808,162
10,70,0.0005,0.0004,100.0,518.67,642.01,1581.0,1395.29,14.62,21.61,554.21,2388.01,9051.08,1.3,47.36,522.16,2388.08,8133.15,8.4323,0.03,391,2388,100.0,38.95,23.4108,152
11,30,0.0004,-0.0003,100.0,518.67,642.01,1582.15,1400.58,14.62,21.61,553.93,2388.0,9045.93,1.3,47.33,522.85,2388.03,8132.18,8.4034,0.03,390,2388,100.0,38.89,23.5179,210
11,40,0.0022,-0.0001,100.0,518.67,642.26,1584.31,1400.42,14.62,21.61,554.78,2388.03,9050.94,1.3,47.39,522.45,2388.05,8137.52,8.4039,0.03,391,2388,100.0,38.85,23.4185,200
11,50,0.0022,-0.0004,100.0,518.67,642.27,1571.84,1403.6,14.62,21.61,553.75,2388.04,9060.87,1.3,47.2,521.92,2388.04,8143.91,8.4526,0.03,390,2388,100.0,39.09,23.4715,190
11,60,-0.0029,0.0004,100.0,518.67,642.11,1585.22,1398.27,14.62,21.61,554.13,2387.97,9062.2,1.3,47.36,522.27,2388.04,8139.74,8.3992,0.03,393,2388,100.0,38.98,23.2988,180
11,70,-0.0006,-0.0004,100.0,518.67,642.34,1580.13,1401.56,14.62,21.61,554.11,2387.98,9050.03,1.3,47.26,522.12,2388.01,8147.07,8.4101,0.03,393,2388,100.0,38.89,23.3699,170
12,30,-0.0016,-0.0003,100.0,518.67,642.86,1594.49,1400.58,14.62,21.61,553.52,2388.15,9048.31,1.3,47.4,521.62,2388.12,8133.57,8.4577,0.03,393,2388,100.0,38.9,23.2759,140
12,40,-0.0014,-0.0001,100.0,518.67,642.16,1587.52,1411.14,14.62,21.61,553.14,2388.15,9043.68,1.3,47.63,521.37,2388.18,8127.63,8.4713,0.03,394,2388,100.0,38.89,23.3179,130
12,50,0.0009,0.0004,100.0,518.67,642.19,1591.98,1409.02,14.62,21.61,554.09,2388.15,9045.83,1.3,47.45,521.52,2388.14,8121.78,8.4323,0.03,391,2388,100.0,39.0,23.3382,120
12,60,-0.0017,-0.0004,100.0,518.67,642.25,1596.61,1413.02,14.62,21.61,553.21,2388.14,9052.12,1.3,47.72,521.49,2388.12,8129.47,8.4115,0.03,394,2388,100.0,38.75,23.3122,110
12,70,0.0034,0.0001,100.0,518.67,642.93,1588.41,1406.66,14.62,21.61,553.53,2388.14,9046.07,1.3,47.58,521.52,2388.16,8129.31,8.4116,0.03,392,2388,100.0,38.82,23.3584,100
13,30,-0.0032,0.0001,100.0,518.67,642.7,1588.36,1409.6,14.62,21.61,554.31,2388.16,9057.73,1.3,47.36,521.31,2388.11,8138.11,8.4743,0.03,393,2388,100.0,38.87,23.3169,133
13,40,0.0013,0.0004,100.0,518.67,641.99,1585.55,1411.86,14.62,21.61,553.69,2388.13,9062.62,1.3,47.41,521.68,2388.12,8134.21,8.4448,0.03,393,2388,100.0,38.55,23.3491,123
13,50,-0.0013,0.0,100.0,518.67,642.89,1592.76,1409.34,14.62,21.61,553.74,2388.11,9053.83,1.3,47.61,521.04,2388.09,8134.3,8.436,0.03,394,2388,100.0,38.67,23.2642,113
13,60,0.0033,0.0004,100.0,518.67,642.51,1589.07,1404.27,14.62,21.61,553.74,2388.08,9063.64,1.3,47.42,521.64,2388.1,8144.2,8.4227,0.03,394,2388,100.0,38.69,23.3591,103
13,70,-0.0005,0.0002,100.0,518.67,642.22,1591.39,1406.78,14.62,21.61,553.3,2388.09,9056.85,1.3,47.62,521.14,2388.06,8136.82,8.4562,0.03,390,2388,100.0,38.78,23.2932,93
14,30,0.0013,-0.0002,100.0,518.67,643.11,1589.3,1413.34,14.62,21.61,553.3,2388.09,9057.51,1.3,47.51,522.05,2388.09,8140.85,8.3914,0.03,393,2388,100.0,38.82,23.274,150
14,40,0.0027,-0.0001,100.0,518.67,642.8,1588.46,1406.36,14.62,21.61,552.83,2388.12,9058.72,1.3,47.42,521.53,2388.1,8139.24,8.4502,0.03,394,2388,100.0,38.89,23.2606,140
14,50,-0.003,0.0003,100.0,518.67,642.69,1583.55,1403.85,14.62,21.61,553.57,2388.1,9062.23,1.3,47.45,521.28,2388.11,8140.91,8.411,0.03,394,2388,100.0,38.82,23.3887,130
14,60,0.0004,0.0004,100.0,518.67,642.76,1585.73,1403.56,14.62,21.61,553.53,2388.12,9059.95,1.3,47.68,520.7,2388.07,8141.94,8.4769,0.03,394,2388,100.0,38.84,23.3221,120
14,70,-0.0016,0.0003,100.0,518.67,642.07,1587.44,1410.48,14.62,21.61,553.16,2388.12,9065.01,1.3,47.58,521.29,2388.08,8142.73,8.463,0.03,394,2388,100.0,38.76,23.2976,110
15,30,-0.0004,-0.0003,100.0,518.67,642.24,1574.15,1396.49,14.62,21.61,555.14,2388.0,9054.65,1.3,47.06,523.06,2388.03,8143.79,8.3799,0.03,392,2388,100.0,39.27,23.3407,177
15,40,0.0004,-0.0002,100.0,518.67,642.5,1584.58,1398.07,14.62,21.61,554.13,2387.97,9058.56,1.3,47.13,522.12,2387.98,8143.52,8.4109,0.03,391,2388,100.0,39.07,23.369,167
15,50,-0.0021,-0.0002,100.0,518.67,642.26,1583.47,1403.78,14.62,21.61,554.72,2388.0,9059.06,1.3,47.22,522.39,2388.02,8141.22,8.3897,0.03,393,2388,100.0,39.07,23.4351,157
15,60,0.0038,0.0004,100.0,518.67,642.0,1578.56,1400.34,14.62,21.61,554.39,2388.02,9061.22,1.3,47.21,521.89,2388.02,8138.92,8.3925,0.03,391,2388,100.0,38.92,23.3673,147
15,70,0.0009,0.0,100.0,518.67,642.18,1590.23,1398.83,14.62,21.61,555.08,2388.03,9051.66,1.3,47.29,522.29,2388.04,8135.81,8.4326,0.03,392,2388,100.0,39.05,23.4105,137
16,30,-0.0019,-0.0004,100.0,518.67,642.57,1587.58,1406.71,14.62,21.61,552.76,2388.08,9054.98,1.3,47.47,521.13,2388.1,8136.25,8.4607,0.03,393,2388,100.0,38.61,23.4158,179
16,40,0.0025,0.0002,100.0,518.67,642.7,1593.39,1411.15,14.62,21.61,553.16,2388.11,9065.01,1.3,47.77,521.0,2388.13,8134.8,8.4425,0.03,394,2388,100.0,38.77,23.1897,169
16,50,-0.0016,0.0001,100.0,518.67,643.28,1589.08,1413.15,14.62,21.61,553.95,2388.14,9065.99,1.3,47.72,521.03,2388.1,8140.28,8.4537,0.03,394,2388,100.0,38.69,23.2716,159
16,60,-0.002,0.0001,100.0,518.67,642.92,1593.79,1405.9,14.62,21.61,553.03,2388.1,9056.95,1.3,47.5,521.4,2388.11,8137.47,8.4544,0.03,394,2388,100.0,38.89,23.3153,149
16,70,-0.0039,0.0004,100.0,518.67,643.23,1596.7,1406.13,14.62,21.61,552.81,2388.12,9063.47,1.3,47.63,521.14,2388.13,8133.92,8.4366,0.03,393,2388,100.0,38.79,23.1273,139
17,30,-0.001,0.0002,100.0,518.67,642.05,1583.19,1393.77,14.62,21.61,555.01,2388.03,9063.92,1.3,47.17,522.47,2388.01,8151.22,8.4176,0.03,393,2388,100.0,38.87,23.4329,246
17,40,-0.0012,0.0004,100.0,518.67,642.05,1586.67,1396.39,14.62,21.61,554.69,2387.99,9057.13,1.3,47.19,522.32,2388.02,8142.68,8.3823,0.03,393,2388,100.0,38.94,23.3871,236
17,50,-0.0002,-0.0002,100.0,518.67,642.03,1582.81,1399.94,14.62,21.61,554.02,2388.01,9062.32,1.3,47.19,522.68,2388.09,8143.79,8.3908,0.03,393,2388,100.0,38.91,23.4165,226
17,60,0.0001,-0.0002,100.0,518.67,642.31,1581.75,1401.54,14.62,21.61,554.0,2387.98,9069.12,1.3,47.26,521.57,2388.03,8146.91,8.4102,0.03,393,2388,100.0,38.99,23.3466,216
17,70,0.0008,0.0002,100.0,518.67,642.09,1586.68,1401.11,14.62,21.61,554.32,2387.99,9059.95,1.3,47.34,521.73,2387.99,8150.27,8.4343,0.03,392,2388,100.0,39.03,23.4371,206
18,30,0.0014,-0.0001,100.0,518.67,642.0,1588.57,1395.56,14.62,21.61,554.9,2388.04,9056.76,1.3,47.2,522.37,2388.01,8139.62,8.3905,0.03,392,2388,100.0,39.18,23.3546,165
18,40,-0.0007,0.0003,100.0,518.67,642.39,1586.54,1402.17,14.62,21.61,554.34,2388.04,9052.82,1.3,47.24,522.56,2387.98,8145.6,8.4039,0.03,392,2388,100.0,39.04,23.5294,155
18,50,0.0006,0.0,100.0,518.67,642.01,1586.29,1389.54,14.62,21.61,554.24,2387.97,9062.96,1.3,47.15,522.14,2388.0,8145.02,8.3921,0.03,392,2388,100.0,39.12,23.4438,145
18,60,-0.0029,-0.0002,100.0,518.67,642.7,1584.03,1394.72,14.62,21.61,554.7,2387.96,9069.12,1.3,47.25,522.28,2388.02,8146.88,8.4094,0.03,393,2388,100.0,38.92,23.348,135
18,70,-0.0008,0.0004,100.0,518.67,641.9,1588.15,1403.54,14.62,21.61,554.31,2388.02,9071.02,1.3,47.07,521.73,2388.02,8144.13,8.3974,0.03,392,2388,100.0,38.76,23.3067,125
19,30,0.0022,-0.0001,100.0,518.67,642.54,1588.02,1415.56,14.62,21.61,553.1,2388.15,9051.33,1.3,47.62,521.24,2388.14,8124.29,8.465,0.03,393,2388,100.0,39.02,23.2854,128
19,40,-0.0002,-0.0004,100.0,518.67,642.89,1593.28,1411.83,14.62,21.61,552.94,2388.14,9040.46,1.3,47.53,521.67,2388.11,8122.23,8.411,0.03,393,2388,100.0,38.82,23.2606,118
19,50,-0.0007,-0.0004,100.0,518.67,642.77,1593.96,1415.17,14.62,21.61,553.3,2388.19,9047.16,1.3,47.57,521.39,2388.16,8127.71,8.4007,0.03,395,2388,100.0,38.96,23.2549,108
19,60,-0.0049,-0.0004,100.0,518.67,642.68,1587.38,1410.58,14.62,21.61,552.91,2388.15,9041.58,1.3,47.73,520.76,2388.14,8121.62,8.4315,0.03,394,2388,100.0,38.64,23.3252,98
19,70,-0.002,-0.0001,100.0,518.67,642.64,1593.92,1409.27,14.62,21.61,553.4,2388.13,9039.49,1.3,47.62,521.27,2388.12,8122.48,8.4017,0.03,392,2388,100.0,38.7,23.3041,88
20,30,0.0009,-0.0005,100.0,518.67,642.92,1596.94,1405.78,14.62,21.61,553.37,2388.09,9051.02,1.3,47.53,520.94,2388.11,8137.16,8.4731,0.03,393,2388,100.0,38.7,23.1653,204
20,40,-0.0003,-0.0003,100.0,518.67,642.85,1582.87,1409.39,14.62,21.61,553.29,2388.12,9059.76,1.3,47.63,521.86,2388.08,8139.35,8.4449,0.03,392,2388,100.0,38.75,23.3017,194
20,50,-0.0007,-0.0003,100.0,518.67,642.56,1589.15,1404.24,14.62,21.61,553.59,2388.1,9057.09,1.3,47.53,521.06,2388.07,8132.64,8.4435,0.03,393,2388,100.0,38.81,23.2622,184
20,60,0.0007,0.0003,100.0,518.67,643.15,1585.89,1408.67,14.62,21.61,552.65,2388.04,9057.57,1.3,47.47,521.09,2388.08,8132.59,8.4581,0.03,394,2388,100.0,38.75,23.275,174
20,70,0.0006,-0.0002,100.0,518.67,642.5,1590.96,1408.9,14.62,21.61,553.18,2388.1,9056.14,1.3,47.45,520.96,2388.1,8141.09,8.4021,0.03,393,2388,100.0,38.81,23.3289,164
21,30,0.0024,0.0001,100.0,518.67,642.84,1586.27,1406.22,14.62,21.61,554.25,2388.11,9043.42,1.3,47.32,521.89,2388.07,8131.47,8.4284,0.03,392,2388,100.0,38.86,23.293,165
21,40,-0.0014,-0.0002,100.0,518.67,642.65,1586.32,1398.67,14.62,21.61,553.61,2388.08,9055.92,1.3,47.51,521.77,2388.14,8128.26,8.4254,0.03,393,2388,100.0,38.62,23.394,155
21,50,-0.0007,-0.0001,100.0,518.67,642.43,1584.03,1414.56,14.62,21.61,553.61,2388.06,9049.75,1.3,47.33,521.54,2388.06,8135.8,8.4437,0.03,393,2388,100.0,38.98,23.4042,145
21,60,-0.0015,0.0002,100.0,518.67,642.29,1589.28,1401.51,14.62,21.61,553.76,2388.16,9053.13,1.3,47.42,522.2,2388.1,8126.37,8.4244,0.03,394,2388,100.0,38.94,23.2907,135
21,70,0.0011,0.0003,100.0,518.67,642.73,1586.85,1402.56,14.62,21.61,553.03,2388.08,9050.09,1.3,47.45,521.69,2388.1,8129.79,8.3967,0.03,394,2388,100.0,38.68,23.3254,125
22,30,-0.0024,0.0003,100.0,518.67,642.84,1592.78,1412.47,14.62,21.61,553.33,2388.11,9037.23,1.3,47.66,521.41,2388.2,8125.15,8.4389,0.03,393,2388,100.0,38.88,23.3015,172
22,40,0.0032,-0.0001,100.0,518.67,642.55,1587.03,1405.63,14.62,21.61,553.22,2388.16,9039.3,1.3,47.55,520.95,2388.12,8123.26,8.4329,0.03,393,2388,100.0,38.86,23.2459,162
22,50,-0.004,-0.0002,100.0,518.67,642.61,1590.58,1409.53,14.62,21.61,553.18,2388.15,9045.97,1.3,47.62,521.19,2388.15,8129.55,8.472,0.03,393,2388,100.0,38.64,23.3,152
22,60,0.0042,-0.0002,100.0,518.67,642.2,1585.35,1410.03,14.62,21.61,552.64,2388.12,9045.63,1.3,47.64,521.05,2388.17,8129.04,8.4546,0.03,395,2388,100.0,38.83,23.158,142
22,70,-0.0017,-0.0002,100.0,518.67,642.91,1597.06,1410.25,14.62,21.61,553.13,2388.15,9045.98,1.3,47.65,521.44,2388.16,8127.75,8.4825,0.03,395,2388,100.0,38.73,23.3136,132
23,30,-0.0005,-0.0005,100.0,518.67,642.46,1592.92,1403.6,14.62,21.61,553.6,2388.08,9051.4,1.3,47.54,521.85,2388.08,8137.91,8.4041,0.03,392,2388,100.0,38.76,23.2102,138
23,40,-0.0023,-0.0004,100.0,518.67,642.98,1589.21,1406.82,14.62,21.61,553.14,2388.06,9055.63,1.3,47.63,522.27,2388.12,8133.25,8.4067,0.03,393,2388,100.0,38.89,23.3177,128
23,50,-0.0034,0.0004,100.0,518.67,641.96,1590.91,1403.97,14.62,21.61,553.84,2388.08,9049.62,1.3,47.68,520.94,2388.08,8133.33,8.4219,0.03,393,2388,100.0,38.7,23.3114,118
23,60,-0.0024,-0.0003,100.0,518.67,642.82,1595.87,1405.14,14.62,21.61,553.12,2388.1,9041.01,1.3,47.6,521.54,2388.11,8129.47,8.4549,0.03,393,2388,100.0,38.92,23.262,108
23,70,-0.0023,0.0,100.0,518.67,642.26,1587.32,1413.8,14.62,21.61,553.43,2388.16,9051.3,1.3,47.54,521.23,2388.13,8131.39,8.4782,0.03,393,2388,100.0,38.78,23.2904,98
24,30,-0.0022,0.0004,100.0,518.67,642.6,1585.12,1403.37,14.62,21.61,553.54,2388.0,9052.18,1.3,47.37,522.17,2388.02,8138.63,8.4284,0.03,393,2388,100.0,38.9,23.3928,117
24,40,0.0049,0.0002,100.0,518.67,642.34,1581.68,1396.83,14.62,21.61,554.05,2388.06,9059.43,1.3,47.26,521.76,2388.02,8145.0,8.4201,0.03,394,2388,100.0,38.94,23.5132,107
24,50,0.0003,-0.0004,100.0,518.67,642.19,1588.34,1400.57,14.62,21.61,553.66,2388.01,9064.85,1.3,47.25,521.52,2388.02,8141.43,8.4201,0.03,394,2388,100.0,39.01,23.3177,97
24,60,-0.0002,-0.0005,100.0,518.67,642.42,1584.66,1400.81,14.62,21.61,553.86,2388.02,9057.66,1.3,47.45,521.94,2388.05,8143.0,8.3957,0.03,393,2388,100.0,38.86,23.3398,87
24,70,-0.006,-0.0002,100.0,518.67,642.33,1581.31,1408.91,14.62,21.61,553.4,2388.11,9060.35,1.3,47.5,521.94,2388.03,8143.88,8.4536,0.03,394,2388,100.0,39.0,23.2243,77
25,30,-0.0031,-0.0,100.0,518.67,641.61,1589.98,1405.03,14.62,21.61,552.61,2388.15,9043.8,1.3,47.33,522.3,2388.14,8128.57,8.4311,0.03,394,2388,100.0,38.97,23.2102,200
25,40,-0.0015,0.0003,100.0,518.67,642.58,1594.83,1409.69,14.62,21.61,552.99,2388.1,9044.35,1.3,47.65,521.72,2388.13,8126.34,8.4018,0.03,394,2388,100.0,39.01,23.2179,190
25,50,0.0041,-0.0004,100.0,518.67,642.17,1587.44,1411.53,14.62,21.61,553.51,2388.07,9045.45,1.3,47.54,521.69,2388.12,8130.63,8.4283,0.03,393,2388,100.0,38.74,23.4,180
25,60,0.0013,0.0005,100.0,518.67,642.5,1594.74,1405.12,14.62,21.61,553.48,2388.11,9048.38,1.3,47.61,521.66,2388.12,8126.42,8.4454,0.03,393,2388,100.0,38.78,23.3277,170
25,70,-0.0043,-0.0001,100.0,518.67,642.8,1591.32,1412.36,14.62,21.61,553.58,2388.11,9049.96,1.3,47.62,521.89,2388.09,8124.55,8.4514,0.03,392,2388,100.0,38.87,23.3102,160
26,30,-0.0002,0.0,100.0,518.67,642.36,1587.86,1406.64,14.62,21.61,553.18,2388.11,9047.95,1.3,47.65,521.43,2388.02,8131.62,8.42,0.03,392,2388,100.0,38.84,23.294,169
26,40,0.0022,-0.0001,100.0,518.67,641.82,1594.36,1410.28,14.62,21.61,553.04,2388.1,9051.73,1.3,47.47,521.74,2388.17,8126.8,8.454,0.03,392,2388,100.0,38.73,23.2737,159
26,50,-0.0025,-0.0001,100.0,518.67,642.28,1595.54,1408.57,14.62,21.61,553.79,2388.09,9045.26,1.3,47.49,521.45,2388.11,8133.22,8.4281,0.03,392,2388,100.0,38.97,23.1972,149
26,60,-0.0049,0.0003,100.0,518.67,642.99,1592.87,1404.8,14.62,21.61,553.86,2388.11,9049.92,1.3,47.44,520.98,2388.14,8126.72,8.4356,0.03,394,2388,100.0,38.82,23.3418,139
26,70,-0.0003,-0.0002,100.0,518.67,642.53,1592.82,1410.03,14.62,21.61,553.24,2388.12,9045.84,1.3,47.47,521.67,2388.15,8130.95,8.4491,0.03,393,2388,100.0,38.68,23.2131,129
27,30,-0.0009,0.0001,100.0,518.67,642.46,1589.12,1395.35,14.62,21.61,554.02,2388.05,9061.47,1.3,47.34,521.5,2388.05,8149.79,8.4483,0.03,393,2388,100.0,38.75,23.2781,126
27,40,0.0001,0.0003,100.0,518.67,642.42,1592.01,1409.89,14.62,21.61,554.32,2388.08,9064.69,1.3,47.53,521.57,2388.05,8150.59,8.4624,0.03,393,2388,100.0,38.85,23.3694,116
27,50,-0.0014,-0.0003,100.0,518.67,643.12,1588.5,1406.8,14.62,21.61,553.36,2388.11,9066.57,1.3,47.64,521.26,2388.07,8147.41,8.4129,0.03,394,2388,100.0,39.0,23.3386,106
27,60,-0.0021,0.0002,100.0,518.67,642.78,1587.22,1407.53,14.62,21.61,553.02,2388.07,9069.95,1.3,47.51,521.53,2388.06,8147.55,8.4413,0.03,392,2388,100.0,38.77,23.2111,96
27,70,0.0018,-0.0003,100.0,518.67,642.53,1584.62,1408.9,14.62,21.61,553.2,2388.08,9066.9,1.3,47.44,521.9,2388.09,8142.63,8.4254,0.03,394,2388,100.0,38.88,23.3443,86
28,30,0.002,0.0004,100.0,518.67,641.9,1591.83,1398.37,14.62,21.61,554.52,2387.97,9060.75,1.3,47.18,522.66,2388.0,8147.77,8.4159,0.03,391,2388,100.0,39.07,23.3106,135
28,40,0.0002,-0.0002,100.0,518.67,642.01,1587.66,1406.12,14.62,21.61,554.67,2388.01,9064.71,1.3,47.11,522.0,2387.97,8147.36,8.3907,0.03,392,2388,100.0,39.2,23.3242,125
28,50,0.0001,0.0003,100.0,518.67,641.93,1589.99,1389.19,14.62,21.61,553.93,2388.03,9053.29,1.3,47.2,522.15,2387.94,8144.84,8.4083,0.03,390,2388,100.0,39.02,23.4871,115
28,60,0.0022,0.0005,100.0,518.67,642.12,1583.95,1399.63,14.62,21.61,554.45,2388.03,9060.3,1.3,47.18,522.36,2388.03,8148.85,8.3719,0.03,393,2388,100.0,38.97,23.3426,105
28,70,0.0005,0.0002,100.0,518.67,641.85,1588.49,1398.78,14.62,21.6,555.15,2388.01,9065.58,1.3,47.28,522.0,2388.0,8142.83,8.3872,0.03,391,2388,100.0,39.09,23.3669,95
29,30,0.0006,-0.0003,100.0,518.67,642.24,1587.79,1406.81,14.62,21.61,553.53,2387.98,9060.19,1.3,47.46,520.94,2388.09,8141.55,8.4218,0.03,393,2388,100.0,39.03,23.2323,133
29,40,0.0009,-0.0004,100.0,518.67,641.87,1592.14,1404.5,14.62,21.61,553.94,2388.06,9066.47,1.3,47.34,521.2,2388.08,8140.91,8.4476,0.03,392,2388,100.0,39.04,23.3557,123
29,50,-0.0021,-0.0001,100.0,518.67,642.5,1593.66,1408.29,14.62,21.61,553.78,2388.0,9059.66,1.3,47.23,521.92,2388.1,8138.68,8.4435,0.03,393,2388,100.0,38.9,23.3318,113
29,60,-0.0024,-0.0001,100.0,518.67,642.91,1596.48,1408.44,14.62,21.61,554.0,2388.1,9054.74,1.3,47.42,521.71,2388.08,8139.69,8.4286,0.03,391,2388,100.0,39.02,23.344,103
29,70,-0.0031,-0.0,100.0,518.67,642.13,1590.42,1410.46,14.62,21.61,552.94,2388.11,9058.36,1.3,47.53,522.32,2388.12,8142.04,8.3887,0.03,394,2388,100.0,38.97,23.4009,93
30,30,-0.0019,-0.0,100.0,518.67,641.85,1581.0,1396.49,14.62,21.61,554.64,2387.97,9062.26,1.3,47.22,522.06,2387.98,8141.24,8.3842,0.03,392,2388,100.0,39.22,23.3783,164
30,40,0.0007,0.0001,100.0,518.67,642.49,1576.62,1396.56,14.62,21.61,554.83,2387.98,9062.74,1.3,47.24,521.93,2387.98,8142.04,8.4149,0.03,393,2388,100.0,38.83,23.3954,154
30,50,-0.0003,-0.0001,100.0,518.67,642.69,1591.98,1386.69,14.62,21.61,554.96,2388.04,9057.53,1.3,47.31,522.38,2388.02,8148.25,8.3958,0.03,392,2388,100.0,39.09,23.3434,144
30,60,-0.0005,-0.0003,100.0,518.67,642.0,1588.2,1390.33,14.62,21.61,554.58,2388.0,9064.68,1.3,47.08,522.62,2388.04,8142.48,8.3959,0.03,391,2388,100.0,38.9,23.4121,134
30,70,-0.0008,0.0002,100.0,518.67,642.15,1584.58,1397.05,14.62,21.61,554.68,2387.97,9068.03,1.3,47.39,522.85,2388.04,8144.84,8.4073,0.03,392,2388,100.0,38.8,23.3425,124
31,30,0.0012,0.0003,100.0,518.67,642.43,1584.37,1402.39,14.62,21.61,554.6,2388.08,9060.37,1.3,47.25,521.85,2388.0,8136.63,8.4189,0.03,391,2388,100.0,38.82,23.263,204
31,40,0.0028,0.0001,100.0,518.67,642.61,1583.26,1397.76,14.62,21.6,553.67,2387.98,9056.09,1.3,47.1,522.16,2387.98,8141.46,8.3976,0.03,390,2388,100.0,38.87,23.403,194
31,50,0.0007,0.0004,100.0,518.67,642.5,1587.31,1404.68,14.62,21.6,554.5,2388.01,9049.55,1.3,47.27,522.24,2388.01,8138.66,8.3969,0.03,391,2388,100.0,39.07,23.5154,184
31,60,0.0014,-0.0004,100.0,518.67,641.79,1580.03,1397.52,14.62,21.61,554.71,2388.08,9055.6,1.3,47.25,522.35,2388.05,8141.28,8.4057,0.03,393,2388,100.0,39.02,23.5239,174
31,70,-0.0017,-0.0002,100.0,518.67,641.95,1578.36,1390.86,14.62,21.61,554.37,2388.04,9058.4,1.3,47.37,522.48,2388.07,8143.0,8.3843,0.03,391,2388,100.0,39.07,23.4163,164
32,30,-0.0001,-0.0004,100.0,518.67,642.81,1579.68,1406.51,14.62,21.61,553.2,2388.12,9053.92,1.3,47.63,520.76,2388.12,8126.31,8.4342,0.03,393,2388,100.0,38.76,23.2309,161
32,40,0.0014,-0.0004,100.0,518.67,642.72,1592.19,1408.56,14.62,21.61,553.1,2388.08,9051.46,1.3,47.55,520.98,2388.12,8122.4,8.4275,0.03,392,2388,100.0,38.81,23.2703,151
32,50,0.0026,0.0004,100.0,518.67,642.26,1586.73,1404.57,14.62,21.61,553.5,2388.16,9054.34,1.3,47.54,520.88,2388.07,8130.29,8.4564,0.03,392,2388,100.0,38.7,23.2423,141
32,60,-0.0007,-0.0003,100.0,518.67,642.6,1589.23,1414.73,14.62,21.61,553.44,2388.13,9048.53,1.3,47.59,521.7,2388.09,8132.84,8.4383,0.03,394,2388,100.0,38.74,23.2456,131
32,70,-0.0018,0.0001,100.0,518.67,642.77,1588.93,1413.65,14.62,21.61,553.3,2388.13,9048.0,1.3,47.37,521.3,2388.12,8130.88,8.4617,0.03,392,2388,100.0,38.92,23.3295,121
33,30,0.0008,-0.0001,100.0,518.67,641.73,1585.99,1390.69,14.62,21.61,554.19,2387.97,9060.93,1.3,47.15,522.21,2387.99,8142.34,8.3904,0.03,392,2388,100.0,39.01,23.4067,170
33,40,0.001,-0.0002,100.0,518.67,642.4,1576.28,1393.05,14.62,21.61,554.22,2387.98,9062.38,1.3,47.16,522.64,2388.03,8146.42,8.403,0.03,391,2388,100.0,39.17,23.4219,160
33,50,-0.0024,0.0002,100.0,518.67,642.02,1584.53,1405.07,14.62,21.61,553.93,2388.0,9063.77,1.3,47.08,522.35,2387.99,8145.33,8.3966,0.03,392,2388,100.0,39.07,23.5215,150
33,60,0.0008,-0.0001,100.0,518.67,642.5,1585.65,1392.73,14.62,21.61,555.11,2388.01,9061.67,1.3,47.15,522.05,2388.02,8149.72,8.3698,0.03,393,2388,100.0,39.0,23.3748,140
33,70,-0.0013,-0.0001,100.0,518.67,641.69,1592.19,1397.87,14.62,21.61,554.39,2388.04,9067.55,1.3,47.31,522.54,2388.04,8147.1,8.3833,0.03,392,2388,100.0,39.12,23.4229,130
34,30,0.003,0.0003,100.0,518.67,642.39,1592.08,1413.57,14.62,21.61,554.3,2388.07,9064.83,1.3,47.3,521.87,2388.02,8137.81,8.4225,0.03,394,2388,100.0,38.9,23.3223,165
34,40,-0.0005,-0.0004,100.0,518.67,642.72,1588.38,1400.41,14.62,21.61,553.76,2388.05,9062.51,1.3,47.39,521.49,2388.07,8147.63,8.4386,0.03,393,2388,100.0,38.88,23.3154,155
34,50,0.001,-0.0001,100.0,518.67,643.1,1586.32,1409.96,14.62,21.61,553.57,2388.08,9062.25,1.3,47.5,521.5,2388.12,8136.43,8.4074,0.03,393,2388,100.0,38.87,23.315,145
34,60,0.0008,0.0003,100.0,518.67,642.99,1591.46,1401.72,14.62,21.61,552.97,2388.06,9054.11,1.3,47.47,521.71,2388.05,8142.43,8.4031,0.03,394,2388,100.0,38.95,23.3458,135
34,70,-0.0005,0.0,100.0,518.67,641.92,1598.08,1414.73,14.62,21.61,553.42,2388.08,9060.66,1.3,47.43,521.6,2388.07,8142.78,8.4133,0.03,394,2388,100.0,38.78,23.3579,125
35,30,-0.0011,0.0002,100.0,518.67,642.6,1586.51,1396.77,14.62,21.61,554.15,2388.03,9048.18,1.3,47.43,521.74,2388.07,8137.09,8.4152,0.03,392,2388,100.0,38.93,23.3005,151
35,40,-0.0007,-0.0001,100.0,518.67,641.62,1592.06,1399.35,14.62,21.61,554.6,2388.07,9056.05,1.3,47.37,521.64,2388.04,8139.45,8.4182,0.03,395,2388,100.0,39.12,23.3576,141
35,50,-0.001,-0.0003,100.0,518.67,642.45,1582.3,1399.43,14.62,21.61,553.2,2388.09,9049.71,1.3,47.28,522.28,2388.05,8136.91,8.4465,0.03,393,2388,100.0,39.0,23.3485,131
35,60,0.0016,0.0,100.0,518.67,642.73,1587.71,1411.19,14.62,21.61,554.16,2388.13,9061.05,1.3,47.29,521.5,2388.04,8139.74,8.4481,0.03,392,2388,100.0,38.96,23.3203,121
35,70,0.0006,0.0002,100.0,518.67,642.1,1585.79,1402.95,14.62,21.61,554.18,2388.0,9059.88,1.3,47.41,521.93,2388.11,8141.72,8.4135,0.03,392,2388,100.0,38.93,23.4091,111
36,30,-0.0015,-0.0003,100.0,518.67,642.81,1591.3,1399.65,14.62,21.61,553.35,2388.12,9065.75,1.3,47.29,521.17,2388.05,8136.4,8.4158,0.03,394,2388,100.0,39.0,23.3548,128
36,40,-0.0006,-0.0004,100.0,518.67,642.96,1594.81,1409.63,14.62,21.61,553.1,2388.13,9055.48,1.3,47.7,521.1,2388.11,8136.34,8.447,0.03,394,2388,100.0,38.77,23.3466,118
36,50,-0.0017,-0.0004,100.0,518.67,642.45,1593.98,1412.77,14.62,21.61,553.28,2388.08,9060.56,1.3,47.57,521.28,2388.09,8140.97,8.4168,0.03,395,2388,100.0,38.78,23.2822,108
36,60,-0.0023,0.0,100.0,518.67,642.55,1586.73,1405.5,14.62,21.61,553.37,2388.09,9062.6,1.3,47.62,521.09,2388.1,8142.27,8.4487,0.03,391,2388,100.0,38.75,23.2926,98
36,70,0.0016,-0.0002,100.0,518.67,642.8,1593.09,1422.02,14.62,21.61,553.59,2388.12,9060.2,1.3,47.58,521.81,2388.13,8139.75,8.4313,0.03,393,2388,100.0,38.81,23.1919,88
37,30,-0.003,0.0002,100.0,518.67,642.22,1584.79,1412.19,14.62,21.61,553.39,2388.09,9045.62,1.3,47.57,521.84,2388.08,8123.37,8.4157,0.03,392,2388,100.0,38.92,23.322,140
37,40,-0.0001,0.0003,100.0,518.67,642.79,1585.6,1399.48,14.62,21.61,553.85,2388.08,9044.98,1.3,47.39,521.25,2388.13,8121.51,8.4136,0.03,391,2388,100.0,39.08,23.2388,130
37,50,0.0,-0.0005,100.0,518.67,642.14,1587.79,1400.96,14.62,21.61,553.73,2388.16,9043.88,1.3,47.45,521.88,2388.07,8124.68,8.4407,0.03,393,2388,100.0,38.97,23.3188,120
37,60,0.0013,-0.0003,100.0,518.67,642.34,1585.25,1414.78,14.62,21.61,554.26,2388.14,9040.92,1.3,47.53,521.24,2388.13,8125.27,8.4282,0.03,392,2388,100.0,38.93,23.2334,110
37,70,0.001,0.0004,100.0,518.67,642.64,1591.47,1410.36,14.62,21.61,554.07,2388.12,9041.24,1.3,47.48,521.62,2388.13,8124.59,8.4332,0.03,392,2388,100.0,39.08,23.3232,100
38,30,0.0023,0.0,100.0,518.67,642.44,1589.07,1407.62,14.62,21.61,553.31,2388.15,9051.79,1.3,47.52,521.27,2388.08,8123.99,8.4439,0.03,394,2388,100.0,38.81,23.3986,164
38,40,0.0034,0.0004,100.0,518.67,642.77,1591.33,1409.21,14.62,21.61,553.48,2388.14,9047.07,1.3,47.49,521.7,2388.08,8130.22,8.4092,0.03,393,2388,100.0,38.92,23.298,154
38,50,0.0006,-0.0001,100.0,518.67,642.08,1592.84,1413.28,14.62,21.61,553.0,2388.13,9049.69,1.3,47.67,521.05,2388.16,8125.51,8.4427,0.03,393,2388,100.0,38.72,23.2577,144
38,60,-0.0011,-0.0005,100.0,518.67,643.35,1596.09,1411.57,14.62,21.61,552.43,2388.09,9050.54,1.3,47.53,520.99,2388.08,8128.79,8.4346,0.03,394,2388,100.0,38.95,23.3436,134
38,70,-0.0014,0.0,100.0,518.67,642.52,1592.06,1404.53,14.62,21.61,553.26,2388.08,9048.6,1.3,47.51,521.34,2388.13,8129.38,8.4578,0.03,394,2388,100.0,38.71,23.3773,124
39,30,-0.0006,0.0001,100.0,518.67,642.95,1592.19,1411.79,14.62,21.61,553.56,2388.08,9037.95,1.3,47.55,520.96,2388.17,8124.6,8.4164,0.03,394,2388,100.0,38.79,23.3179,98
39,40,0.0026,0.0,100.0,518.67,642.83,1589.27,1407.81,14.62,21.61,552.63,2388.1,9041.85,1.3,47.75,521.4,2388.12,8126.82,8.4198,0.03,394,2388,100.0,38.77,23.3176,88
39,50,-0.0029,0.0002,100.0,518.67,643.36,1583.21,1415.61,14.62,21.61,553.38,2388.12,9043.58,1.3,47.61,521.27,2388.14,8127.44,8.4446,0.03,394,2388,100.0,38.92,23.3538,78
39,60,-0.002,0.0002,100.0,518.67,642.96,1587.9,1410.06,14.62,21.61,553.43,2388.16,9047.66,1.3,47.64,521.52,2388.15,8130.65,8.4583,0.03,394,2388,100.0,38.93,23.2868,68
39,70,0.0028,0.0006,100.0,518.67,643.0,1587.58,1412.73,14.62,21.61,552.67,2388.17,9037.93,1.3,47.77,521.59,2388.14,8119.94,8.4643,0.03,394,2388,100.0,38.79,23.294,58
40,30,-0.0005,-0.0001,100.0,518.67,642.58,1587.66,1403.24,14.62,21.61,553.56,2388.02,9060.61,1.3,47.67,521.78,2388.11,8136.39,8.4513,0.03,393,2388,100.0,38.72,23.2686,158
40,40,-0.0018,-0.0001,100.0,518.67,643.2,1587.55,1409.94,14.62,21.61,553.11,2388.13,9064.16,1.3,47.52,520.86,2388.13,8140.64,8.4851,0.03,392,2388,100.0,38.81,23.159,148
40,50,0.0015,-0.0005,100.0,518.67,642.66,1593.37,1408.61,14.62,21.61,553.07,2388.15,9059.14,1.3,47.66,520.96,2388.14,8135.14,8.4229,0.03,392,2388,100.0,38.78,23.2677,138
40,60,-0.003,0.0005,100.0,518.67,642.9,1590.62,1409.03,14.62,21.61,553.08,2388.06,9056.04,1.3,47.56,521.23,2388.1,8138.59,8.4596,0.03,394,2388,100.0,38.79,23.2207,128
40,70,-0.0045,-0.0004,100.0,518.67,643.06,1594.98,1411.94,14.62,21.61,554.27,2388.12,9060.07,1.3,47.6,521.72,2388.09,8143.29,8.4442,0.03,393,2388,100.0,38.94,23.3139,118
41,30,0.0014,-0.0001,100.0,518.67,642.04,1585.09,1399.26,14.62,21.61,553.94,2388.0,9063.19,1.3,47.29,522.26,2387.99,8147.47,8.3857,0.03,392,2388,100.0,39.02,23.363,186
41,40,0.0045,0.0005,100.0,518.67,642.64,1580.17,1403.14,14.62,21.6,554.22,2388.03,9065.44,1.3,47.16,522.31,2388.0,8152.02,8.4046,0.03,393,2388,100.0,39.1,23.3544,176
41,50,0.0046,-0.0,100.0,518.67,642.33,1577.37,1398.79,14.62,21.61,554.09,2388.02,9066.14,1.3,47.39,522.09,2388.03,8146.24,8.4352,0.03,391,2388,100.0,38.93,23.3785,166
41,60,-0.0019,-0.0001,100.0,518.67,642.01,1587.08,1395.29,14.62,21.61,553.97,2388.02,9065.32,1.3,47.34,521.65,2388.05,8150.78,8.4135,0.03,391,2388,100.0,38.96,23.319,156
41,70,-0.0013,0.0,100.0,518.67,641.91,1589.73,1400.06,14.62,21.61,554.15,2388.03,9069.31,1.3,47.26,521.88,2388.03,8154.23,8.4209,0.03,391,2388,100.0,38.83,23.3617,146
42,30,-0.0013,-0.0,100.0,518.67,642.55,1587.38,1399.82,14.62,21.61,554.81,2388.09,9072.27,1.3,47.34,521.54,2388.0,8144.06,8.4206,0.03,391,2388,100.0,39.06,23.3579,166
42,40,0.0028,-0.0004,100.0,518.67,642.43,1590.29,1398.87,14.62,21.61,554.51,2388.1,9062.14,1.3,47.41,521.65,2388.0,8141.4,8.4355,0.03,392,2388,100.0,38.82,23.3442,156
42,50,-0.0002,-0.0003,100.0,518.67,642.18,1589.03,1398.57,14.62,21.61,553.57,2388.07,9059.09,1.3,47.31,521.46,2388.02,8147.68,8.4481,0.03,394,2388,100.0,38.78,23.3831,146
42,60,0.0008,0.0002,100.0,518.67,642.58,1584.22,1404.46,14.62,21.61,554.64,2388.04,9063.32,1.3,47.37,522.19,2388.01,8141.69,8.3669,0.03,392,2388,100.0,38.67,23.3287,136
42,70,0.0002,0.0002,100.0,518.67,642.49,1587.66,1404.95,14.62,21.61,554.0,2388.05,9059.26,1.3,47.36,522.1,2388.04,8140.77,8.4337,0.03,394,2388,100.0,38.73,23.3311,126
43,30,0.0017,0.0003,100.0,518.67,641.87,1586.0,1401.48,14.62,21.61,555.0,2388.05,9056.49,1.3,47.09,522.58,2387.98,8136.84,8.371,0.03,392,2388,100.0,39.09,23.4204,177
43,40,-0.0004,0.0003,100.0,518.67,641.5,1582.71,1399.59,14.62,21.61,553.76,2388.02,9048.42,1.3,47.46,522.09,2388.0,8130.71,8.4176,0.03,393,2388,100.0,39.09,23.3125,167
43,50,0.0035,0.0002,100.0,518.67,642.25,1581.7,1402.28,14.62,21.61,554.38,2388.04,9055.87,1.3,47.24,522.33,2388.05,8139.74,8.4052,0.03,392,2388,100.0,39.03,23.4292,157
43,60,0.0006,-0.0001,100.0,518.67,642.16,1578.91,1402.7,14.62,21.61,554.07,2388.05,9056.63,1.3,47.3,522.32,2388.05,8136.08,8.3889,0.03,392,2388,100.0,39.05,23.4122,147
43,70,-0.0005,0.0,100.0,518.67,642.66,1587.33,1398.12,14.62,21.61,554.33,2388.09,9051.0,1.3,47.25,521.65,2388.03,8137.57,8.433,0.03,391,2388,100.0,38.92,23.3412,137
44,30,0.0005,-0.0002,100.0,518.67,642.29,1582.46,1392.49,14.62,21.61,554.5,2387.96,9063.61,1.3,47.28,522.26,2387.98,8151.16,8.3982,0.03,392,2388,100.0,39.2,23.4601,162
44,40,-0.0033,0.0003,100.0,518.67,642.01,1591.54,1396.7,14.62,21.61,554.64,2388.0,9068.47,1.3,47.05,522.11,2388.02,8149.01,8.3909,0.03,390,2388,100.0,38.85,23.4245,152
44,50,0.0002,-0.0002,100.0,518.67,642.27,1583.16,1400.73,14.62,21.61,554.57,2387.96,9063.74,1.3,47.26,522.32,2388.0,8149.32,8.4266,0.03,392,2388,100.0,38.88,23.4421,142
44,60,-0.0001,-0.0003,100.0,518.67,641.91,1577.88,1402.46,14.62,21.6,553.76,2388.04,9062.36,1.3,47.35,521.93,2388.04,8147.99,8.4146,0.03,391,2388,100.0,38.89,23.3815,132
44,70,0.0015,0.0001,100.0,518.67,642.27,1584.79,1396.19,14.62,21.61,554.54,2388.01,9064.31,1.3,47.27,522.06,2388.02,8142.89,8.4077,0.03,394,2388,100.0,39.06,23.3881,122
45,30,0.0026,-0.0004,100.0,518.67,641.87,1578.31,1398.59,14.62,21.61,554.54,2387.96,9073.33,1.3,47.25,522.51,2388.0,8149.15,8.3854,0.03,393,2388,100.0,38.94,23.3643,128
45,40,-0.0018,-0.0003,100.0,518.67,642.08,1581.91,1400.18,14.62,21.61,554.53,2388.03,9069.2,1.3,47.15,522.25,2387.92,8154.85,8.4236,0.03,391,2388,100.0,39.05,23.3772,118
45,50,-0.0036,0.0001,100.0,518.67,641.62,1588.67,1404.79,14.62,21.61,554.23,2387.99,9072.56,1.3,47.47,522.37,2388.02,8155.53,8.3901,0.03,391,2388,100.0,38.94,23.4344,108
45,60,0.0034,0.0005,100.0,518.67,642.43,1583.83,1401.7,14.62,21.61,554.56,2387.96,9071.75,1.3,47.28,521.72,2388.04,8152.56,8.4207,0.03,392,2388,100.0,38.93,23.4548,98
45,70,0.0021,0.0001,100.0,518.67,642.25,1574.14,1395.88,14.62,21.61,554.24,2388.02,9075.99,1.3,47.33,522.34,2388.05,8154.02,8.4105,0.03,393,2388,100.0,38.87,23.2702,88
46,30,0.0038,0.0003,100.0,518.67,642.33,1578.99,1397.7,14.62,21.61,554.34,2388.01,9058.95,1.3,47.16,522.36,2388.0,8141.86,8.406,0.03,392,2388,100.0,39.14,23.4362,226
46,40,-0.0008,0.0,100.0,518.67,642.26,1582.52,1402.52,14.62,21.61,554.6,2388.01,9052.98,1.3,47.13,522.81,2387.97,8137.32,8.4034,0.03,392,2388,100.0,39.0,23.4005,216
46,50,-0.0017,0.0003,100.0,518.67,641.88,1583.42,1399.0,14.62,21.61,554.32,2388.01,9061.67,1.3,47.34,521.85,2388.0,8142.49,8.4445,0.03,390,2388,100.0,38.99,23.3023,206
46,60,0.0003,0.0004,100.0,518.67,642.27,1591.28,1394.38,14.62,21.61,553.38,2388.0,9054.93,1.3,47.22,522.68,2388.05,8142.65,8.3936,0.03,391,2388,100.0,38.95,23.5082,196
46,70,-0.0008,0.0,100.0,518.67,642.03,1596.28,1400.05,14.62,21.61,554.94,2388.01,9057.66,1.3,46.99,522.8,2387.96,8140.13,8.4089,0.03,392,2388,100.0,39.0,23.3993,186
47,30,-0.0016,-0.0001,100.0,518.67,641.88,1579.53,1393.06,14.62,21.61,554.5,2388.03,9063.39,1.3,47.12,522.26,2388.02,8148.28,8.3921,0.03,390,2388,100.0,39.04,23.3996,184
47,40,-0.0009,0.0001,100.0,518.67,642.22,1584.92,1398.57,14.62,21.61,554.66,2388.01,9063.92,1.3,47.11,521.92,2387.99,8142.03,8.3957,0.03,390,2388,100.0,39.02,23.387,174
47,50,0.0003,-0.0004,100.0,518.67,641.9,1582.73,1395.11,14.62,21.61,553.73,2388.04,9068.01,1.3,47.27,522.04,2388.01,8148.14,8.363,0.03,393,2388,100.0,39.04,23.3386,164
47,60,0.0017,-0.0001,100.0,518.67,641.78,1585.71,1394.72,14.62,21.61,554.52,2387.99,9065.73,1.3,47.21,522.05,2387.99,8147.23,8.3953,0.03,390,2388,100.0,39.03,23.4252,154
47,70,0.0011,-0.0001,100.0,518.67,642.47,1582.76,1403.26,14.62,21.61,554.27,2387.95,9067.28,1.3,47.21,522.28,2388.02,8149.31,8.4088,0.03,393,2388,100.0,39.05,23.3884,144
48,30,-0.001,-0.0,100.0,518.67,641.98,1590.33,1393.3,14.62,21.61,553.65,2388.02,9057.96,1.3,47.3,522.73,2388.0,8142.15,8.4048,0.03,391,2388,100.0,38.94,23.3828,201
48,40,-0.0019,-0.0005,100.0,518.67,642.37,1580.52,1402.27,14.62,21.61,554.0,2388.01,9061.16,1.3,47.1,522.27,2387.99,8142.88,8.3993,0.03,392,2388,100.0,39.15,23.4574,191
48,50,0.0009,0.0002,100.0,518.67,642.12,1590.3,1400.48,14.62,21.61,554.59,2388.01,9064.86,1.3,47.23,522.22,2388.02,8143.03,8.4059,0.03,392,2388,100.0,39.09,23.3963,181
48,60,0.0012,0.0003,100.0,518.67,641.96,1586.16,1392.42,14.62,21.6,553.8,2387.96,9064.01,1.3,47.23,522.15,2388.01,8146.22,8.4251,0.03,391,2388,100.0,38.9,23.3977,171
48,70,-0.0024,-0.0002,100.0,518.67,642.53,1588.61,1401.9,14.62,21.61,554.0,2388.0,9067.82,1.3,47.27,522.97,2387.95,8146.86,8.4117,0.03,393,2388,100.0,39.03,23.3765,161
49,30,-0.0006,0.0002,100.0,518.67,642.59,1584.97,1402.61,14.62,21.61,553.21,2388.08,9041.51,1.3,47.31,521.58,2388.1,8125.89,8.4391,0.03,393,2388,100.0,38.78,23.2756,185
49,40,-0.0009,0.0002,100.0,518.67,642.29,1585.78,1410.14,14.62,21.61,553.36,2388.14,9041.12,1.3,47.45,521.5,2388.15,8121.9,8.4687,0.03,393,2388,100.0,38.75,23.3071,175
49,50,0.0002,-0.0001,100.0,518.67,642.35,1587.4,1403.72,14.62,21.61,553.53,2388.1,9041.8,1.3,47.54,521.77,2388.13,8125.62,8.4328,0.03,392,2388,100.0,38.81,23.2344,165
49,60,-0.0003,-0.0003,100.0,518.67,642.73,1595.22,1402.88,14.62,21.61,554.35,2388.14,9039.75,1.3,47.64,521.22,2388.1,8124.89,8.4686,0.03,393,2388,100.0,38.9,23.2885,155
49,70,0.0027,0.0001,100.0,518.67,642.89,1587.82,1410.67,14.62,21.61,553.69,2388.11,9042.29,1.3,47.52,521.37,2388.09,8129.79,8.4111,0.03,393,2388,100.0,39.04,23.1984,145
50,30,-0.0021,0.0002,100.0,518.67,642.62,1590.45,1407.7,14.62,21.61,554.18,2388.03,9064.09,1.3,47.25,522.31,2388.08,8145.42,8.4132,0.03,393,2388,100.0,38.99,23.1615,168
50,40,-0.0061,-0.0002,100.0,518.67,643.19,1587.36,1398.9,14.62,21.61,554.35,2388.07,9059.91,1.3,47.3,522.31,2388.04,8145.16,8.4504,0.03,393,2388,100.0,38.95,23.3161,158
50,50,-0.0036,0.0002,100.0,518.67,642.17,1593.23,1396.05,14.62,21.61,554.17,2388.06,9061.89,1.3,47.63,521.69,2388.02,8147.92,8.4304,0.03,392,2388,100.0,38.84,23.38,148
50,60,-0.0013,-0.0001,100.0,518.67,642.44,1589.24,1416.54,14.62,21.61,553.12,2388.03,9070.84,1.3,47.32,521.79,2388.02,8144.09,8.4086,0.03,392,2388,100.0,38.86,23.3714,138
50,70,0.0042,0.0004,100.0,518.67,642.46,1586.49,1409.26,14.62,21.61,554.94,2388.06,9066.79,1.3,47.5,521.67,2388.08,8143.18,8.4552,0.03,394,2388,100.0,39.05,23.2842,128
51,30,0.0006,0.0001,100.0,518.67,642.44,1583.31,1397.49,14.62,21.61,554.14,2387.97,9064.15,1.3,47.12,522.53,2387.97,8148.14,8.4299,0.03,392,2388,100.0,38.98,23.3854,183
51,40,0.0005,-0.0001,100.0,518.67,642.3,1587.11,1401.09,14.62,21.61,554.72,2388.0,9066.2,1.3,47.14,522.41,2388.01,8145.1,8.4084,0.03,394,2388,100.0,39.02,23.5103,173
51,50,-0.0015,0.0001,100.0,518.67,642.14,1583.81,1403.18,14.62,21.61,554.37,2388.06,9065.88,1.3,47.48,522.39,2387.97,8148.73,8.4097,0.03,391,2388,100.0,39.02,23.4311,163
51,60,0.0,-0.0003,100.0,518.67,642.17,1585.85,1396.7,14.62,21.61,554.65,2388.04,9065.17,1.3,47.46,522.29,2388.01,8147.36,8.4162,0.03,392,2388,100.0,38.97,23.5202,153
51,70,-0.0008,-0.0,100.0,518.67,642.71,1578.36,1402.68,14.62,21.61,554.92,2387.97,9069.87,1.3,47.2,521.65,2388.04,8148.62,8.3573,0.03,390,2388,100.0,38.94,23.3504,143
52,30,-0.0002,0.0001,100.0,518.67,642.42,1587.37,1398.15,14.62,21.61,553.37,2388.08,9046.63,1.3,47.56,521.41,2388.14,8134.0,8.4636,0.03,393,2388,100.0,38.92,23.2807,183
52,40,0.001,0.0003,100.0,518.67,642.62,1586.68,1402.29,14.62,21.61,553.48,2388.11,9048.8,1.3,47.45,521.46,2388.07,8133.08,8.4387,0.03,393,2388,100.0,38.97,23.3361,173
52,50,-0.0013,-0.0002,100.0,518.67,642.39,1582.07,1396.32,14.62,21.61,553.21,2388.07,9049.35,1.3,47.48,521.62,2388.07,8128.43,8.4631,0.03,393,2388,100.0,38.86,23.2804,163
52,60,0.0003,-0.0004,100.0,518.67,642.49,1591.51,1400.71,14.62,21.61,553.9,2388.15,9050.7,1.3,47.57,521.42,2388.07,8131.96,8.4092,0.03,393,2388,100.0,38.9,23.3439,153
52,70,0.0027,0.0,100.0,518.67,642.78,1588.81,1404.38,14.62,21.61,553.86,2388.15,9047.29,1.3,47.49,521.38,2388.13,8128.42,8.4647,0.03,394,2388,100.0,38.82,23.4265,143
53,30,0.0026,-0.0001,100.0,518.67,642.37,1588.81,1407.05,14.62,21.61,554.48,2388.07,9061.41,1.3,47.38,522.09,2388.08,8144.91,8.4022,0.03,392,2388,100.0,38.99,23.296,165
53,40,0.0008,-0.0001,100.0,518.67,642.32,1589.66,1403.58,14.62,21.61,554.27,2388.03,9066.58,1.3,47.55,521.56,2388.04,8136.0,8.4324,0.03,391,2388,100.0,38.89,23.3813,155
53,50,-0.0029,-0.0002,100.0,518.67,642.3,1583.21,1400.47,14.62,21.6,554.09,2388.05,9066.75,1.3,47.37,521.66,2387.99,8142.71,8.412,0.03,391,2388,100.0,38.88,23.3694,145
53,60,0.0006,-0.0004,100.0,518.67,642.67,1592.16,1410.95,14.62,21.61,553.52,2388.05,9062.9,1.3,47.33,521.76,2388.05,8138.47,8.4645,0.03,392,2388,100.0,38.83,23.416,135
53,70,-0.0002,0.0005,100.0,518.67,642.78,1588.58,1407.24,14.62,21.61,553.88,2388.09,9071.85,1.3,47.59,522.02,2388.07,8142.5,8.4181,0.03,392,2388,100.0,38.82,23.3538,125
54,30,-0.0003,-0.0002,100.0,518.67,642.08,1583.34,1401.77,14.62,21.61,554.51,2388.0,9063.97,1.3,47.22,522.29,2387.94,8144.06,8.3991,0.03,393,2388,100.0,38.89,23.3667,227
54,40,-0.0021,0.0004,100.0,518.67,642.09,1585.52,1396.25,14.62,21.61,554.35,2388.0,9061.11,1.3,47.23,522.05,2388.02,8140.24,8.3922,0.03,391,2388,100.0,39.0,23.3844,217
54,50,-0.0025,-0.0003,100.0,518.67,642.03,1583.54,1397.5,14.62,21.61,554.65,2388.0,9059.66,1.3,47.2,522.53,2388.01,8147.65,8.3942,0.03,391,2388,100.0,39.22,23.397,207
54,60,0.0014,0.0003,100.0,518.67,641.79,1575.58,1398.54,14.62,21.61,554.61,2388.0,9063.28,1.3,47.16,522.77,2388.01,8143.05,8.3943,0.03,392,2388,100.0,38.8,23.3464,197
54,70,-0.002,-0.0005,100.0,518.67,642.37,1590.55,1401.26,14.62,21.61,553.35,2387.99,9059.93,1.3,47.2,522.01,2388.04,8138.32,8.3866,0.03,393,2388,100.0,38.95,23.3719,187
55,30,-0.0033,-0.0002,100.0,518.67,642.07,1590.39,1403.38,14.62,21.61,553.45,2388.01,9049.39,1.3,47.52,522.28,2388.03,8131.72,8.4076,0.03,393,2388,100.0,38.91,23.2435,163
55,40,-0.0015,-0.0003,100.0,518.67,642.54,1584.95,1400.48,14.62,21.61,554.19,2388.09,9054.94,1.3,47.23,522.42,2388.09,8134.08,8.4506,0.03,392,2388,100.0,38.93,23.2373,153
55,50,0.0042,0.0005,100.0,518.67,642.84,1583.56,1404.47,14.62,21.61,553.3,2388.1,9048.67,1.3,47.54,521.75,2388.11,8131.26,8.4072,0.03,392,2388,100.0,38.7,23.2224,143
55,60,-0.0007,-0.0,100.0,518.67,642.49,1592.26,1409.02,14.62,21.61,553.5,2388.09,9051.9,1.3,47.57,521.67,2388.1,8129.06,8.435,0.03,392,2388,100.0,38.98,23.3491,133
55,70,0.0009,-0.0,100.0,518.67,642.99,1592.12,1399.18,14.62,21.61,554.11,2388.08,9051.23,1.3,47.49,522.15,2388.08,8133.86,8.4442,0.03,393,2388,100.0,39.0,23.3108,123
56,30,-0.0012,0.0001,100.0,518.67,642.54,1590.92,1409.46,14.62,21.61,553.42,2388.11,9053.73,1.3,47.45,521.71,2388.07,8131.46,8.4609,0.03,393,2388,100.0,38.96,23.3234,245
56,40,-0.001,0.0005,100.0,518.67,642.53,1588.66,1411.38,14.62,21.61,553.04,2388.13,9054.91,1.3,47.45,521.78,2388.12,8132.67,8.4609,0.03,393,2388,100.0,38.76,23.3385,235
56,50,0.0016,0.0001,100.0,518.67,643.1,1595.74,1413.06,14.62,21.61,553.06,2388.09,9046.81,1.3,47.62,520.93,2388.08,8128.46,8.4692,0.03,393,2388,100.0,38.59,23.3578,225
56,60,0.0047,0.0003,100.0,518.67,642.96,1584.03,1407.94,14.62,21.61,553.06,2388.17,9052.92,1.3,47.54,521.2,2388.04,8134.21,8.471,0.03,392,2388,100.0,38.77,23.343,215
56,70,0.0002,-0.0,100.0,518.67,642.41,1589.1,1406.82,14.62,21.61,553.8,2388.14,9055.98,1.3,47.63,521.46,2388.15,8135.43,8.3901,0.03,392,2388,100.0,38.91,23.3633,205
57,30,-0.0051,0.0001,100.0,518.67,642.19,1592.99,1390.35,14.62,21.61,553.93,2388.06,9039.8,1.3,47.28,521.74,2388.07,8133.16,8.434,0.03,393,2388,100.0,38.95,23.2258,107
57,40,0.001,-0.0002,100.0,518.67,641.68,1579.67,1405.19,14.62,21.61,553.48,2388.08,9047.11,1.3,47.43,521.81,2388.07,8130.77,8.4074,0.03,393,2388,100.0,38.9,23.4048,97
57,50,0.0047,-0.0005,100.0,518.67,642.89,1590.75,1397.95,14.62,21.61,554.36,2388.1,9053.31,1.3,47.39,521.79,2388.03,8130.05,8.4036,0.03,392,2388,100.0,38.79,23.3338,87
57,60,0.0067,-0.0002,100.0,518.67,642.94,1588.28,1403.23,14.62,21.61,553.15,2388.09,9041.66,1.3,47.36,521.83,2388.1,8130.45,8.4618,0.03,393,2388,100.0,38.92,23.4183,77
57,70,-0.0007,0.0001,100.0,518.67,642.53,1593.73,1402.87,14.62,21.61,553.62,2388.08,9039.63,1.3,47.4,521.76,2388.08,8127.03,8.4098,0.03,391,2388,100.0,38.99,23.1992,67
58,30,-0.0029,-0.0004,100.0,518.67,642.86,1588.46,1403.65,14.62,21.61,554.38,2388.07,9069.03,1.3,47.33,521.96,2388.04,8145.16,8.4084,0.03,391,2388,100.0,39.06,23.3015,117
58,40,-0.0025,-0.0002,100.0,518.67,642.26,1589.31,1411.44,14.62,21.61,553.52,2388.09,9059.81,1.3,47.4,521.56,2388.01,8145.11,8.4183,0.03,393,2388,100.0,38.81,23.4656,107
58,50,-0.0002,0.0002,100.0,518.67,642.45,1585.79,1404.24,14.62,21.61,554.03,2388.06,9064.16,1.3,47.51,521.89,2388.06,8142.1,8.3835,0.03,391,2388,100.0,38.91,23.2407,97
58,60,0.0016,-0.0002,100.0,518.67,642.99,1585.27,1412.64,14.62,21.61,553.77,2388.06,9065.29,1.3,47.4,521.94,2388.05,8141.39,8.4209,0.03,392,2388,100.0,39.04,23.3723,87
58,70,-0.004,-0.0003,100.0,518.67,642.62,1589.57,1399.27,14.62,21.61,553.32,2388.01,9062.69,1.3,47.43,521.61,2388.06,8143.24,8.3892,0.03,394,2388,100.0,38.91,23.2446,77
59,30,-0.0029,0.0004,100.0,518.67,642.12,1576.66,1399.97,14.62,21.61,554.42,2387.97,9052.83,1.3,47.06,522.7,2387.95,8138.1,8.3812,0.03,392,2388,100.0,38.97,23.3897,201
59,40,0.0025,-0.0001,100.0,518.67,641.67,1580.34,1398.95,14.62,21.61,554.49,2388.08,9057.36,1.3,47.16,522.59,2388.04,8138.98,8.3846,0.03,391,2388,100.0,39.25,23.3541,191
59,50,0.0032,-0.0,100.0,518.67,642.3,1588.59,1393.23,14.62,21.61,554.87,2388.0,9055.62,1.3,47.2,522.44,2387.99,8141.81,8.4101,0.03,392,2388,100.0,39.1,23.5059,181
59,60,0.0011,-0.0003,100.0,518.67,642.53,1576.88,1394.22,14.62,21.61,554.77,2387.97,9054.1,1.3,47.11,522.42,2388.0,8135.0,8.3693,0.03,391,2388,100.0,39.12,23.4605,171
59,70,-0.001,0.0005,100.0,518.67,642.09,1580.28,1400.71,14.62,21.61,553.66,2388.01,9054.67,1.3,47.07,522.73,2387.98,8138.23,8.3928,0.03,391,2388,100.0,38.73,23.4732,161
60,30,-0.0005,-0.0005,100.0,518.67,642.61,1589.44,1405.61,14.62,21.61,553.9,2387.99,9056.83,1.3,47.65,521.13,2388.06,8136.96,8.4442,0.03,392,2388,100.0,38.84,23.2398,142
60,40,-0.0017,-0.0,100.0,518.67,642.43,1591.92,1409.06,14.62,21.61,554.14,2388.07,9050.64,1.3,47.49,521.36,2388.14,8133.34,8.4151,0.03,393,2388,100.0,38.99,23.3045,132
60,50,0.0016,-0.0,100.0,518.67,642.71,1577.76,1405.06,14.62,21.61,553.2,2388.12,9059.47,1.3,47.58,521.52,2388.08,8139.86,8.4519,0.03,392,2388,100.0,38.88,23.2795,122
60,60,0.0033,0.0,100.0,518.67,642.3,1587.31,1404.39,14.62,21.61,552.82,2388.08,9054.11,1.3,47.56,521.68,2388.05,8135.08,8.4377,0.03,392,2388,100.0,38.83,23.2594,112
60,70,-0.003,-0.0001,100.0,518.67,642.59,1594.65,1409.92,14.62,21.61,553.84,2388.09,9058.81,1.3,47.5,521.34,2388.07,8132.99,8.4375,0.03,394,2388,100.0,38.99,23.3392,102
61,30,0.0001,0.0001,100.0,518.67,642.08,1585.37,1401.37,14.62,21.6,554.43,2388.01,9063.39,1.3,47.05,522.98,2388.01,8151.15,8.3939,0.03,392,2388,100.0,38.96,23.4509,155
61,40,-0.0035,-0.0002,100.0,518.67,641.85,1583.34,1400.9,14.62,21.6,554.79,2387.93,9060.33,1.3,47.02,522.32,2387.97,8146.48,8.3994,0.03,393,2388,100.0,39.08,23.3248,145
61,50,0.0022,0.0,100.0,518.67,642.18,1582.93,1399.9,14.62,21.61,554.42,2388.04,9058.16,1.3,47.08,522.25,2388.01,8136.16,8.3822,0.03,391,2388,100.0,39.41,23.338,135
61,60,0.0003,0.0,100.0,518.67,642.02,1589.47,1397.64,14.62,21.61,554.26,2387.96,9060.38,1.3,47.02,522.3,2387.97,8146.46,8.3747,0.03,391,2388,100.0,38.98,23.3717,125
61,70,0.0004,-0.0002,100.0,518.67,641.92,1583.42,1397.31,14.62,21.61,554.57,2387.97,9070.17,1.3,47.16,522.01,2387.92,8143.73,8.4042,0.03,391,2388,100.0,39.22,23.4178,115
62,30,-0.001,0.0005,100.0,518.67,642.5,1591.94,1412.14,14.62,21.61,552.99,2388.12,9060.53,1.3,47.65,521.75,2388.13,8136.55,8.4135,0.03,393,2388,100.0,38.67,23.3297,150
62,40,-0.0014,0.0006,100.0,518.67,643.09,1590.73,1404.55,14.62,21.61,553.29,2388.12,9058.08,1.3,47.73,521.36,2388.12,8131.41,8.4408,0.03,394,2388,100.0,38.9,23.3245,140
62,50,-0.0034,0.0002,100.0,518.67,642.4,1580.85,1414.34,14.62,21.61,553.18,2388.1,9049.71,1.3,47.55,521.41,2388.09,8140.28,8.4255,0.03,393,2388,100.0,38.78,23.3653,130
62,60,0.0006,0.0006,100.0,518.67,642.48,1590.01,1400.12,14.62,21.61,552.69,2388.13,9058.95,1.3,47.6,521.44,2388.13,8136.98,8.4901,0.03,392,2388,100.0,38.78,23.2481,120
62,70,0.0027,-0.0001,100.0,518.67,642.73,1599.06,1404.95,14.62,21.61,553.53,2388.17,9058.52,1.3,47.56,520.91,2388.15,8133.12,8.4668,0.03,392,2388,100.0,38.76,23.3064,110
63,30,0.0007,-0.0,100.0,518.67,642.37,1585.54,1410.0,14.62,21.61,553.75,2388.1,9056.41,1.3,47.52,522.08,2388.15,8134.1,8.4458,0.03,392,2388,100.0,38.85,23.3697,144
63,40,0.001,-0.0,100.0,518.67,642.31,1582.4,1404.36,14.62,21.61,553.43,2388.12,9055.53,1.3,47.41,521.63,2388.08,8144.88,8.4628,0.03,393,2388,100.0,38.91,23.3214,134
63,50,0.001,-0.0003,100.0,518.67,642.45,1588.4,1407.39,14.62,21.61,554.3,2388.11,9059.89,1.3,47.61,521.6,2388.1,8141.96,8.4788,0.03,394,2388,100.0,38.76,23.4488,124
63,60,0.002,-0.0004,100.0,518.67,642.61,1590.24,1417.57,14.62,21.61,553.59,2388.06,9059.07,1.3,47.47,521.73,2388.06,8140.59,8.4193,0.03,395,2388,100.0,38.82,23.3222,114
63,70,0.0008,0.0006,100.0,518.67,643.03,1596.95,1405.36,14.62,21.61,553.69,2388.08,9066.37,1.3,47.65,521.97,2388.03,8145.74,8.4342,0.03,393,2388,100.0,38.85,23.2736,104
64,30,-0.0036,0.0001,100.0,518.67,641.91,1595.94,1410.51,14.62,21.61,553.14,2388.08,9055.54,1.3,47.49,521.65,2388.08,8140.35,8.4513,0.03,393,2388,100.0,38.94,23.3681,253
64,40,0.0005,-0.0,100.0,518.67,642.57,1591.54,1401.89,14.62,21.61,554.0,2388.08,9059.23,1.3,47.3,521.5,2388.08,8135.61,8.4176,0.03,392,2388,100.0,38.86,23.3505,243
64,50,0.0028,0.0001,100.0,518.67,641.89,1593.29,1404.3,14.62,21.61,554.32,2388.05,9047.65,1.3,47.28,522.26,2388.09,8133.85,8.4607,0.03,392,2388,100.0,38.82,23.3027,233
64,60,0.0018,0.0003,100.0,518.67,642.36,1587.34,1398.98,14.62,21.61,553.45,2388.1,9062.19,1.3,47.51,521.36,2388.08,8136.72,8.4442,0.03,393,2388,100.0,38.98,23.3883,223
64,70,-0.005,-0.0002,100.0,518.67,642.5,1587.87,1411.56,14.62,21.61,553.8,2388.14,9053.61,1.3,47.54,521.49,2388.08,8136.58,8.4319,0.03,394,2388,100.0,38.7,23.343,213
65,30,-0.004,-0.0002,100.0,518.67,641.98,1587.54,1404.47,14.62,21.61,553.92,2388.02,9061.88,1.3,47.28,522.04,2388.06,8137.38,8.3866,0.03,391,2388,100.0,39.14,23.4249,123
65,40,-0.0011,0.0002,100.0,518.67,642.18,1581.15,1396.98,14.62,21.61,553.77,2388.0,9060.92,1.3,47.2,522.74,2388.02,8139.39,8.4123,0.03,390,2388,100.0,38.96,23.4495,113
65,50,0.0009,-0.0003,100.0,518.67,642.15,1589.11,1396.8,14.62,21.61,554.55,2387.97,9057.39,1.3,47.21,521.93,2388.03,8142.06,8.3836,0.03,391,2388,100.0,39.02,23.3261,103
65,60,0.0012,0.0005,100.0,518.67,642.55,1584.18,1404.94,14.62,21.61,554.08,2387.99,9056.11,1.3,47.26,521.84,2388.03,8141.19,8.4193,0.03,392,2388,100.0,38.99,23.395,93
65,70,-0.0013,0.0003,100.0,518.67,642.1,1587.58,1403.36,14.62,21.61,554.38,2388.03,9062.18,1.3,47.27,522.06,2388.03,8144.73,8.4001,0.03,392,2388,100.0,38.94,23.3296,83
66,30,-0.0028,0.0005,100.0,518.67,642.33,1593.33,1404.77,14.62,21.61,553.24,2388.12,9057.26,1.3,47.61,521.39,2388.11,8135.07,8.4608,0.03,394,2388,100.0,38.75,23.2144,172
66,40,0.003,0.0003,100.0,518.67,642.74,1588.86,1412.18,14.62,21.61,552.75,2388.12,9064.13,1.3,47.72,521.08,2388.09,8134.11,8.4348,0.03,394,2388,100.0,38.73,23.2737,162
66,50,-0.0049,0.0001,100.0,518.67,642.17,1583.51,1403.1,14.62,21.61,553.14,2388.13,9067.4,1.3,47.55,521.61,2388.11,8131.69,8.4307,0.03,394,2388,100.0,38.68,23.2547,152
66,60,0.0026,-0.0002,100.0,518.67,642.62,1590.24,1409.74,14.62,21.61,553.68,2388.16,9060.11,1.3,47.44,521.12,2388.11,8134.93,8.4498,0.03,393,2388,100.0,38.81,23.1931,142
66,70,-0.0009,0.0005,100.0,518.67,642.86,1595.19,1413.74,14.62,21.61,553.08,2388.16,9058.48,1.3,47.61,520.57,2388.1,8138.85,8.4445,0.03,395,2388,100.0,38.73,23.204,132
67,30,-0.0002,-0.0001,100.0,518.67,642.67,1578.2,1413.82,14.62,21.61,553.17,2388.02,9064.37,1.3,47.38,521.62,2388.1,8145.84,8.4273,0.03,394,2388,100.0,39.04,23.3409,283
67,40,-0.0002,0.0,100.0,518.67,642.4,1577.7,1405.7,14.62,21.61,553.16,2388.07,9060.04,1.3,47.28,521.57,2388.04,8145.9,8.3888,0.03,392,2388,100.0,38.93,23.2687,273
67,50,-0.0011,0.0001,100.0,518.67,643.35,1590.34,1408.79,14.62,21.61,553.51,2388.12,9064.85,1.3,47.47,521.8,2388.05,8140.77,8.4051,0.03,390,2388,100.0,38.89,23.2832,263
67,60,-0.0002,-0.0002,100.0,518.67,642.37,1595.2,1404.73,14.62,21.61,553.49,2388.05,9066.63,1.3,47.43,521.57,2388.08,8143.92,8.4365,0.03,393,2388,100.0,39.03,23.3669,253
67,70,0.0011,-0.0003,100.0,518.67,642.5,1589.26,1409.24,14.62,21.61,553.24,2388.02,9067.54,1.3,47.16,521.14,2388.08,8141.92,8.448,0.03,393,2388,100.0,39.04,23.344,243
68,30,0.0007,0.0002,100.0,518.67,642.57,1590.42,1406.73,14.62,21.61,553.92,2388.05,9063.37,1.3,47.51,521.68,2388.08,8135.58,8.4279,0.03,392,2388,100.0,38.94,23.2541,169
68,40,0.0001,0.0002,100.0,518.67,642.1,1586.49,1406.52,14.62,21.61,553.91,2388.08,9063.01,1.3,47.53,521.05,2388.08,8148.18,8.4325,0.03,393,2388,100.0,38.75,23.3531,159
68,50,0.0022,0.0001,100.0,518.67,642.53,1588.84,1406.86,14.62,21.61,554.54,2388.09,9063.87,1.3,47.49,522.4,2388.09,8146.1,8.456,0.03,391,2388,100.0,38.95,23.3229,149
68,60,0.0019,-0.0001,100.0,518.67,642.61,1585.23,1409.24,14.62,21.61,553.31,2388.08,9064.23,1.3,47.46,521.13,2388.07,8145.94,8.4492,0.03,391,2388,100.0,39.03,23.2653,139
68,70,-0.0026,-0.0003,100.0,518.67,642.46,1586.8,1407.66,14.62,21.61,554.21,2388.06,9069.47,1.3,47.27,521.8,2388.1,8146.34,8.4176,0.03,392,2388,100.0,38.96,23.333,129
69,30,0.0017,0.0003,100.0,518.67,642.11,1596.64,1401.98,14.62,21.61,554.4,2388.03,9060.93,1.3,47.44,521.7,2388.04,8139.49,8.4127,0.03,393,2388,100.0,39.13,23.4085,332
69,40,-0.0025,-0.0001,100.0,518.67,642.37,1579.66,1395.23,14.62,21.61,554.98,2388.01,9062.84,1.3,47.36,522.49,2388.0,8137.83,8.3953,0.03,392,2388,100.0,38.95,23.272,322
69,50,0.0005,-0.0004,100.0,518.67,642.7,1589.78,1409.53,14.62,21.61,554.36,2388.07,9052.96,1.3,47.41,521.93,2388.02,8132.38,8.4397,0.03,393,2388,100.0,38.97,23.4748,312
69,60,0.0012,0.0003,100.0,518.67,642.67,1591.24,1404.78,14.62,21.61,554.13,2388.02,9062.32,1.3,47.34,521.85,2388.06,8145.83,8.424,0.03,392,2388,100.0,38.8,23.3268,302
69,70,0.0029,-0.0004,100.0,518.67,642.1,1587.68,1398.62,14.62,21.61,553.66,2388.09,9060.77,1.3,47.46,521.39,2388.04,8142.28,8.4369,0.03,392,2388,100.0,38.93,23.2777,292
70,30,0.0035,-0.0005,100.0,518.67,642.24,1587.35,1404.65,14.62,21.61,554.51,2388.06,9055.94,1.3,47.66,521.41,2388.05,8139.25,8.4254,0.03,393,2388,100.0,38.85,23.3391,107
70,40,-0.0019,-0.0002,100.0,518.67,642.44,1585.76,1403.26,14.62,21.61,554.14,2388.11,9054.79,1.3,47.47,521.72,2388.12,8135.73,8.4497,0.03,392,2388,100.0,38.81,23.401,97
70,50,-0.0007,0.0001,100.0,518.67,642.66,1591.05,1399.28,14.62,21.61,553.91,2388.1,9063.27,1.3,47.32,521.97,2388.12,8139.12,8.4348,0.03,393,2388,100.0,38.84,23.2789,87
70,60,0.0038,-0.0003,100.0,518.67,641.99,1588.09,1413.36,14.62,21.61,553.52,2388.06,9061.99,1.3,47.47,520.89,2388.04,8145.78,8.4346,0.03,394,2388,100.0,38.88,23.3497,77
70,70,0.0014,-0.0,100.0,518.67,642.35,1588.16,1411.22,14.62,21.61,553.15,2388.13,9065.34,1.3,47.58,521.27,2388.09,8152.06,8.4603,0.03,393,2388,100.0,38.82,23.2694,67
71,30,0.0033,0.0003,100.0,518.67,642.79,1585.03,1404.77,14.62,21.61,553.56,2388.09,9040.9,1.3,47.42,521.61,2388.07,8123.92,8.4492,0.03,391,2388,100.0,38.8,23.3872,178
71,40,0.0015,0.0003,100.0,518.67,642.46,1590.25,1414.42,14.62,21.61,553.71,2388.15,9046.35,1.3,47.38,521.6,2388.15,8125.29,8.4088,0.03,393,2388,100.0,38.88,23.3635,168
71,50,-0.0011,0.0003,100.0,518.67,642.29,1593.44,1399.15,14.62,21.61,554.48,2388.15,9051.73,1.3,47.71,521.67,2388.09,8130.54,8.4348,0.03,393,2388,100.0,38.95,23.3188,158
71,60,0.0017,-0.0001,100.0,518.67,642.55,1589.5,1404.05,14.62,21.61,553.31,2388.1,9047.42,1.3,47.47,521.44,2388.13,8125.21,8.4479,0.03,393,2388,100.0,38.84,23.352,148
71,70,-0.0011,0.0005,100.0,518.67,642.53,1580.69,1405.25,14.62,21.61,554.11,2388.07,9045.98,1.3,47.29,521.4,2388.11,8130.79,8.438,0.03,392,2388,100.0,38.83,23.3551,138
72,30,0.0016,-0.0002,100.0,518.67,642.11,1586.93,1402.73,14.62,21.61,553.7,2388.11,9047.02,1.3,47.34,522.75,2388.08,8131.0,8.4429,0.03,393,2388,100.0,38.66,23.4715,183
72,40,-0.0023,0.0,100.0,518.67,642.56,1581.44,1401.99,14.62,21.61,554.12,2388.08,9040.77,1.3,47.32,521.79,2388.05,8126.72,8.4294,0.03,391,2388,100.0,38.92,23.3841,173
72,50,0.0027,-0.0003,100.0,518.67,642.44,1591.92,1403.72,14.62,21.61,554.1,2388.03,9043.58,1.3,47.39,522.08,2388.07,8126.92,8.4025,0.03,392,2388,100.0,38.97,23.4179,163
72,60,-0.0001,0.0,100.0,518.67,642.63,1586.15,1402.45,14.62,21.61,554.03,2388.07,9049.48,1.3,47.46,521.86,2388.09,8130.3,8.4227,0.03,393,2388,100.0,38.79,23.4057,153
72,70,0.0026,0.0002,100.0,518.67,642.53,1584.39,1404.29,14.62,21.61,554.32,2388.05,9048.25,1.3,47.44,522.08,2388.05,8131.73,8.4136,0.03,393,2388,100.0,38.87,23.3183,143
73,30,0.0031,0.0001,100.0,518.67,642.65,1584.84,1408.8,14.62,21.61,552.56,2388.16,9041.55,1.3,47.6,520.83,2388.14,8120.81,8.4135,0.03,393,2388,100.0,38.78,23.3942,183
73,40,-0.001,-0.0002,100.0,518.67,642.6,1590.17,1410.02,14.62,21.61,553.01,2388.13,9043.54,1.3,47.55,522.01,2388.16,8119.83,8.4762,0.03,393,2388,100.0,38.83,23.3191,173
73,50,-0.003,0.0003,100.0,518.67,642.94,1588.79,1417.73,14.62,21.61,554.16,2388.12,9038.92,1.3,47.5,521.87,2388.16,8115.9,8.4589,0.03,392,2388,100.0,38.86,23.2131,163
73,60,0.0017,0.0001,100.0,518.67,643.16,1591.75,1410.59,14.62,21.61,553.13,2388.18,9033.06,1.3,47.54,521.11,2388.19,8118.41,8.478,0.03,393,2388,100.0,38.83,23.3096,153
73,70,-0.0,0.0005,100.0,518.67,642.15,1590.67,1410.03,14.62,21.61,552.93,2388.18,9035.98,1.3,47.39,521.13,2388.17,8121.49,8.4159,0.03,393,2388,100.0,38.76,23.2359,143
74,30,-0.0002,-0.0002,100.0,518.67,642.03,1589.83,1404.47,14.62,21.61,554.8,2388.01,9061.41,1.3,47.18,521.33,2388.0,8146.16,8.4025,0.03,393,2388,100.0,39.08,23.4487,136
74,40,-0.002,0.0002,100.0,518.67,642.24,1582.36,1401.32,14.62,21.61,554.39,2388.03,9069.4,1.3,47.33,521.88,2388.07,8148.28,8.4226,0.03,392,2388,100.0,38.9,23.2851,126
74,50,-0.0005,-0.0003,100.0,518.67,642.27,1590.88,1399.49,14.62,21.61,554.57,2387.99,9059.12,1.3,47.26,521.78,2388.06,8154.01,8.4272,0.03,391,2388,100.0,38.89,23.3717,116
74,60,0.0021,0.0002,100.0,518.67,642.4,1587.13,1400.11,14.62,21.61,554.97,2388.03,9060.99,1.3,47.26,522.06,2388.02,8150.3,8.431,0.03,393,2388,100.0,38.78,23.4386,106
74,70,0.0054,-0.0,100.0,518.67,642.08,1584.02,1401.03,14.62,21.61,553.46,2388.1,9061.73,1.3,47.35,521.89,2388.03,8143.12,8.4493,0.03,392,2388,100.0,38.93,23.3024,96
75,30,-0.0012,-0.0004,100.0,518.67,642.46,1581.54,1412.48,14.62,21.61,553.39,2388.11,9038.73,1.3,47.47,521.24,2388.13,8120.22,8.4698,0.03,392,2388,100.0,38.89,23.251,199
75,40,0.0029,0.0002,100.0,518.67,642.38,1589.64,1408.81,14.62,21.61,553.72,2388.19,9044.28,1.3,47.59,521.61,2388.1,8126.88,8.4216,0.03,393,2388,100.0,38.89,23.3169,189
75,50,-0.0027,-0.0003,100.0,518.67,642.81,1596.21,1404.58,14.62,21.61,553.19,2388.12,9042.97,1.3,47.6,521.17,2388.14,8127.32,8.4117,0.03,393,2388,100.0,38.76,23.3472,179
75,60,-0.0005,0.0001,100.0,518.67,642.38,1587.19,1407.16,14.62,21.61,552.83,2388.13,9040.69,1.3,47.41,521.49,2388.09,8120.62,8.4347,0.03,394,2388,100.0,38.91,23.2298,169
75,70,-0.0022,-0.0001,100.0,518.67,642.64,1594.83,1408.52,14.62,21.61,554.14,2388.12,9044.02,1.3,47.6,521.66,2388.11,8131.18,8.4346,0.03,393,2388,100.0,38.75,23.2718,159
76,30,0.0004,-0.0001,100.0,518.67,642.52,1588.03,1412.88,14.62,21.61,553.67,2388.09,9048.38,1.3,47.4,521.54,2388.09,8133.67,8.4777,0.03,392,2388,100.0,38.88,23.2997,180
76,40,-0.0039,0.0003,100.0,518.67,642.37,1585.96,1405.02,14.62,21.61,554.15,2388.06,9054.8,1.3,47.49,521.72,2388.11,8131.7,8.3906,0.03,393,2388,100.0,38.84,23.3559,170
76,50,0.0006,0.0005,100.0,518.67,642.57,1588.53,1410.53,14.62,21.61,552.95,2388.14,9053.61,1.3,47.64,520.9,2388.14,8126.49,8.4563,0.03,394,2388,100.0,38.87,23.2504,160
76,60,0.0003,-0.0002,100.0,518.67,642.25,1596.54,1409.59,14.62,21.61,553.63,2388.12,9050.72,1.3,47.55,521.69,2388.11,8136.19,8.4352,0.03,392,2388,100.0,38.91,23.3398,150
76,70,0.0003,-0.0002,100.0,518.67,642.64,1592.01,1405.8,14.62,21.61,553.39,2388.12,9052.95,1.3,47.6,521.31,2388.1,8135.18,8.4309,0.03,393,2388,100.0,38.89,23.3464,140
77,30,0.0045,0.0003,100.0,518.67,642.64,1590.8,1408.42,14.62,21.61,553.13,2388.11,9041.08,1.3,47.47,521.88,2388.14,8129.32,8.4126,0.03,393,2388,100.0,38.83,23.329,124
77,40,-0.0027,-0.0001,100.0,518.67,642.44,1591.76,1414.29,14.62,21.61,554.06,2388.13,9048.97,1.3,47.3,521.17,2388.11,8129.89,8.4554,0.03,393,2388,100.0,38.79,23.3284,114
77,50,0.0027,-0.0001,100.0,518.67,642.82,1589.72,1409.9,14.62,21.61,553.86,2388.13,9045.49,1.3,47.47,521.17,2388.1,8130.52,8.471,0.03,391,2388,100.0,39.05,23.4174,104
77,60,-0.0012,0.0003,100.0,518.67,642.97,1589.3,1411.12,14.62,21.61,553.26,2388.12,9051.33,1.3,47.57,522.08,2388.11,8126.5,8.4331,0.03,395,2388,100.0,38.8,23.1977,94
77,70,-0.0001,0.0001,100.0,518.67,642.72,1589.98,1404.1,14.62,21.61,552.87,2388.13,9043.37,1.3,47.51,520.97,2388.09,8126.36,8.4139,0.03,393,2388,100.0,38.61,23.3068,84
78,30,-0.0008,-0.0002,100.0,518.67,642.45,1590.95,1391.41,14.62,21.61,554.52,2388.04,9057.78,1.3,47.18,522.46,2387.98,8139.5,8.3799,0.03,390,2388,100.0,39.25,23.4607,201
78,40,-0.003,0.0003,100.0,518.67,641.73,1577.8,1392.93,14.62,21.61,554.95,2387.95,9057.42,1.3,47.22,522.31,2387.97,8140.83,8.4287,0.03,391,2388,100.0,39.05,23.4753,191
78,50,-0.0006,-0.0001,100.0,518.67,641.64,1584.88,1392.53,14.62,21.61,554.35,2387.99,9060.42,1.3,46.99,522.29,2388.03,8141.27,8.3843,0.03,392,2388,100.0,39.0,23.4077,181
78,60,-0.0016,-0.0001,100.0,518.67,642.27,1580.72,1394.66,14.62,21.61,554.13,2387.95,9054.99,1.3,47.19,522.51,2387.98,8139.3,8.3781,0.03,392,2388,100.0,39.0,23.489,171
78,70,0.0005,0.0001,100.0,518.67,642.05,1585.08,1391.43,14.62,21.61,555.06,2387.98,9059.12,1.3,46.91,522.57,2388.0,8141.42,8.4081,0.03,391,2388,100.0,38.93,23.4912,161
79,30,0.0037,0.0004,100.0,518.67,642.06,1582.3,1407.03,14.62,21.61,554.6,2388.02,9060.66,1.3,47.12,522.81,2387.96,8141.37,8.3787,0.03,391,2388,100.0,39.1,23.5049,169
79,40,0.001,-0.0003,100.0,518.67,642.4,1588.45,1392.94,14.62,21.61,555.21,2388.03,9058.37,1.3,47.17,522.26,2388.06,8143.4,8.3881,0.03,391,2388,100.0,39.03,23.3655,159
79,50,0.0023,-0.0005,100.0,518.67,641.99,1586.44,1397.8,14.62,21.61,554.53,2388.01,9052.76,1.3,47.27,522.74,2388.03,8140.2,8.3896,0.03,392,2388,100.0,38.97,23.5219,149
79,60,0.0001,-0.0001,100.0,518.67,642.59,1586.38,1399.59,14.62,21.61,554.32,2388.03,9054.0,1.3,47.18,521.95,2388.01,8136.66,8.3775,0.03,392,2388,100.0,39.08,23.3853,139
79,70,-0.0005,-0.0001,100.0,518.67,642.62,1581.51,1402.99,14.62,21.61,554.3,2387.99,9056.86,1.3,47.34,522.43,2388.04,8140.75,8.3879,0.03,392,2388,100.0,39.06,23.319,129
80,30,-0.005,0.0003,100.0,518.67,642.82,1592.69,1408.16,14.62,21.61,553.57,2388.11,9056.92,1.3,47.71,521.36,2388.11,8132.56,8.4217,0.03,392,2388,100.0,38.69,23.394,155
80,40,0.0002,-0.0005,100.0,518.67,642.06,1583.56,1409.31,14.62,21.61,553.61,2388.09,9055.66,1.3,47.48,521.55,2388.1,8130.92,8.4333,0.03,395,2388,100.0,38.7,23.1905,145
80,50,-0.0038,-0.0002,100.0,518.67,642.58,1593.51,1406.64,14.62,21.61,553.47,2388.09,9053.68,1.3,47.5,521.37,2388.11,8133.14,8.456,0.03,395,2388,100.0,38.89,23.3301,135
80,60,-0.0008,0.0003,100.0,518.67,642.44,1579.75,1411.16,14.62,21.61,553.68,2388.12,9058.13,1.3,47.49,521.8,2388.14,8139.57,8.4532,0.03,394,2388,100.0,38.89,23.237,125
80,70,0.0023,0.0005,100.0,518.67,642.45,1594.06,1410.72,14.62,21.61,553.05,2388.09,9061.66,1.3,47.56,521.46,2388.09,8138.11,8.4743,0.03,394,2388,100.0,38.95,23.2617,115
81,30,-0.0009,0.0004,100.0,518.67,642.74,1585.0,1410.4,14.62,21.61,553.6,2388.0,9054.67,1.3,47.5,521.43,2388.06,8144.03,8.4125,0.03,391,2388,100.0,39.0,23.3942,210
81,40,-0.0015,-0.0,100.0,518.67,642.12,1587.75,1407.5,14.62,21.61,554.25,2388.09,9061.02,1.3,47.41,521.98,2388.06,8144.17,8.4251,0.03,393,2388,100.0,38.89,23.4337,200
81,50,0.0009,0.0005,100.0,518.67,641.79,1592.12,1403.02,14.62,21.61,553.69,2388.1,9061.41,1.3,47.31,521.9,2388.04,8145.05,8.3741,0.03,392,2388,100.0,39.04,23.3538,190
81,60,0.0017,-0.0004,100.0,518.67,642.78,1588.14,1403.98,14.62,21.61,553.7,2388.06,9056.34,1.3,47.54,522.09,2388.06,8140.1,8.4403,0.03,393,2388,100.0,38.93,23.2333,180
81,70,0.0018,0.0004,100.0,518.67,642.4,1589.0,1404.02,14.62,21.61,553.12,2388.1,9058.11,1.3,47.24,521.69,2388.06,8136.7,8.425,0.03,393,2388,100.0,39.07,23.2517,170
82,30,-0.0006,-0.0005,100.0,518.67,642.51,1587.88,1398.81,14.62,21.61,554.41,2387.97,9056.53,1.3,47.34,522.37,2387.98,8144.33,8.3788,0.03,393,2388,100.0,38.99,23.4129,184
82,40,0.0006,0.0002,100.0,518.67,642.21,1580.83,1401.8,14.62,21.61,554.97,2387.91,9070.2,1.3,47.21,521.88,2387.98,8147.8,8.4043,0.03,392,2388,100.0,39.13,23.4203,174
82,50,0.0011,-0.0004,100.0,518.67,642.11,1586.56,1402.89,14.62,21.61,554.5,2387.99,9062.6,1.3,47.32,522.24,2388.0,8146.11,8.4038,0.03,390,2388,100.0,39.05,23.4369,164
82,60,0.001,-0.0003,100.0,518.67,642.87,1587.16,1398.83,14.62,21.61,554.47,2387.98,9060.76,1.3,47.27,522.29,2387.97,8148.44,8.3664,0.03,391,2388,100.0,38.87,23.5228,154
82,70,-0.002,-0.0001,100.0,518.67,641.97,1575.8,1404.09,14.62,21.61,554.07,2387.98,9068.85,1.3,47.02,522.36,2387.99,8145.97,8.3829,0.03,393,2388,100.0,39.04,23.4799,144
83,30,0.0022,0.0003,100.0,518.67,642.66,1581.19,1396.1,14.62,21.61,554.3,2388.01,9057.6,1.3,47.19,522.66,2387.97,8132.9,8.3877,0.03,391,2388,100.0,39.08,23.4738,263
83,40,-0.0054,-0.0002,100.0,518.67,642.49,1586.32,1399.36,14.62,21.61,554.43,2387.97,9056.4,1.3,47.17,522.22,2388.01,8136.25,8.365,0.03,391,2388,100.0,39.24,23.5138,253
83,50,-0.0042,-0.0004,100.0,518.67,641.72,1574.96,1385.75,14.62,21.61,555.05,2387.99,9055.7,1.3,47.16,522.59,2387.98,8141.17,8.3635,0.03,392,2388,100.0,39.25,23.5316,243
83,60,-0.0018,0.0001,100.0,518.67,642.12,1583.78,1391.6,14.62,21.61,553.69,2387.97,9058.75,1.3,46.99,522.5,2388.0,8141.46,8.404,0.03,392,2388,100.0,39.13,23.343,233
83,70,0.0014,-0.0002,100.0,518.67,641.79,1580.23,1401.46,14.62,21.61,554.09,2388.02,9057.11,1.3,47.24,522.3,2388.02,8137.4,8.3963,0.03,391,2388,100.0,39.08,23.3959,223
84,30,0.0005,0.0003,100.0,518.67,642.22,1590.93,1411.4,14.62,21.61,552.74,2388.09,9055.21,1.3,47.73,522.24,2388.13,8134.88,8.4427,0.03,392,2388,100.0,38.89,23.3001,237
84,40,-0.0023,-0.0001,100.0,518.67,643.0,1584.88,1409.71,14.62,21.61,553.0,2388.1,9050.23,1.3,47.74,521.28,2388.14,8126.34,8.4357,0.03,392,2388,100.0,38.91,23.4001,227
84,50,-0.0033,0.0002,100.0,518.67,642.77,1595.88,1403.33,14.62,21.61,553.09,2388.15,9049.36,1.3,47.52,521.66,2388.17,8128.75,8.4229,0.03,393,2388,100.0,38.79,23.3142,217
84,60,-0.0042,-0.0001,100.0,518.67,642.76,1590.19,1410.08,14.62,21.61,552.95,2388.12,9051.02,1.3,47.52,521.3,2388.14,8125.73,8.4579,0.03,393,2388,100.0,38.82,23.3223,207
84,70,0.0011,0.0002,100.0,518.67,643.12,1589.88,1415.96,14.62,21.61,553.05,2388.11,9049.12,1.3,47.64,521.61,2388.15,8129.09,8.3992,0.03,394,2388,100.0,38.8,23.3199,197
85,30,-0.0001,0.0002,100.0,518.67,642.73,1589.19,1407.82,14.62,21.61,553.21,2388.12,9042.61,1.3,47.48,521.37,2388.07,8129.81,8.4122,0.03,393,2388,100.0,38.82,23.3216,158
85,40,-0.0044,0.0001,100.0,518.67,642.82,1592.13,1402.5,14.62,21.61,553.25,2388.13,9048.2,1.3,47.47,521.81,2388.1,8130.59,8.416,0.03,393,2388,100.0,38.77,23.3966,148
85,50,0.0018,-0.0004,100.0,518.67,642.4,1592.68,1408.59,14.62,21.61,553.2,2388.13,9050.44,1.3,47.5,522.08,2388.08,8127.07,8.4445,0.03,394,2388,100.0,38.97,23.3855,138
85,60,-0.0038,-0.0005,100.0,518.67,642.13,1592.98,1398.84,14.62,21.61,553.83,2388.07,9043.36,1.3,47.37,521.27,2388.06,8133.4,8.4156,0.03,391,2388,100.0,38.91,23.2915,128
85,70,0.001,0.0003,100.0,518.67,642.54,1587.26,1412.08,14.62,21.61,552.89,2388.13,9048.53,1.3,47.35,521.73,2388.15,8125.93,8.4326,0.03,394,2388,100.0,38.85,23.363,118
86,30,0.0001,0.0002,100.0,518.67,642.19,1590.91,1401.92,14.62,21.61,553.48,2388.02,9057.61,1.3,47.25,522.01,2388.14,8136.44,8.4658,0.03,393,2388,100.0,38.92,23.3552,248
86,40,0.002,-0.0004,100.0,518.67,642.9,1590.45,1404.15,14.62,21.61,553.72,2388.08,9060.18,1.3,47.31,521.42,2388.06,8143.06,8.4267,0.03,393,2388,100.0,39.06,23.3221,238
86,50,-0.0013,0.0001,100.0,518.67,642.26,1589.55,1403.81,14.62,21.61,553.41,2388.11,9052.83,1.3,47.5,522.32,2388.09,8136.89,8.4269,0.03,392,2388,100.0,38.89,23.4079,228
86,60,-0.0035,0.0001,100.0,518.67,642.64,1586.12,1407.02,14.62,21.61,553.17,2388.06,9064.2,1.3,47.31,521.54,2388.11,8142.29,8.4456,0.03,391,2388,100.0,38.98,23.3207,218
86,70,-0.0025,-0.0002,100.0,518.67,642.78,1593.82,1399.66,14.62,21.61,554.02,2388.06,9058.97,1.3,47.47,521.45,2388.08,8142.92,8.4215,0.03,392,2388,100.0,39.0,23.283,208
87,30,0.0017,-0.0001,100.0,518.67,642.77,1585.57,1400.58,14.62,21.61,553.48,2388.06,9057.93,1.3,47.56,521.94,2388.12,8144.51,8.4347,0.03,393,2388,100.0,38.87,23.3907,148
87,40,0.0006,0.0005,100.0,518.67,642.55,1585.56,1413.06,14.62,21.61,554.13,2388.08,9066.08,1.3,47.44,521.49,2388.08,8147.85,8.4166,0.03,393,2388,100.0,38.93,23.4115,138
87,50,-0.0036,-0.0004,100.0,518.67,642.44,1588.7,1412.06,14.62,21.61,554.12,2388.11,9065.86,1.3,47.36,521.8,2388.07,8142.9,8.4743,0.03,393,2388,100.0,38.91,23.3193,128
87,60,-0.003,0.0,100.0,518.67,642.8,1583.83,1408.96,14.62,21.61,553.54,2388.08,9063.67,1.3,47.46,521.54,2388.06,8141.32,8.425,0.03,393,2388,100.0,38.85,23.3097,118
87,70,-0.0011,-0.0003,100.0,518.67,641.95,1584.95,1405.51,14.62,21.61,554.06,2388.1,9066.05,1.3,47.56,521.83,2388.05,8139.69,8.3978,0.03,395,2388,100.0,38.72,23.2847,108
88,30,0.0,-0.0004,100.0,518.67,642.66,1586.44,1401.94,14.62,21.61,554.0,2388.01,9064.77,1.3,47.39,521.43,2388.02,8140.63,8.4246,0.03,390,2388,100.0,38.95,23.3545,183
88,40,0.001,0.0001,100.0,518.67,642.33,1581.3,1406.06,14.62,21.61,554.02,2388.05,9060.3,1.3,47.2,521.87,2388.03,8156.55,8.4269,0.03,392,2388,100.0,38.85,23.3115,173
88,50,0.0001,0.0002,100.0,518.67,643.22,1583.22,1396.06,14.62,21.61,554.19,2388.06,9067.71,1.3,47.55,522.06,2388.02,8144.21,8.4021,0.03,392,2388,100.0,39.0,23.2672,163
88,60,0.0055,-0.0002,100.0,518.67,643.0,1588.58,1406.92,14.62,21.61,553.91,2388.06,9066.43,1.3,47.29,522.2,2387.98,8147.47,8.4336,0.03,392,2388,100.0,39.04,23.327,153
88,70,-0.0005,0.0003,100.0,518.67,642.89,1586.13,1407.31,14.62,21.61,553.67,2388.03,9060.81,1.3,47.57,521.9,2388.09,8149.91,8.4326,0.03,393,2388,100.0,39.01,23.3239,143
89,30,0.001,-0.0002,100.0,518.67,642.85,1586.04,1397.71,14.62,21.61,554.14,2388.06,9044.36,1.3,47.12,522.19,2388.03,8133.45,8.4154,0.03,391,2388,100.0,39.14,23.4423,187
89,40,0.0029,0.0004,100.0,518.67,642.36,1589.44,1402.93,14.62,21.61,554.96,2388.05,9047.15,1.3,47.3,522.4,2388.04,8133.63,8.422,0.03,393,2388,100.0,39.03,23.3918,177
89,50,0.0002,-0.0004,100.0,518.67,642.32,1589.09,1403.89,14.62,21.61,553.62,2388.04,9045.57,1.3,47.19,522.27,2388.02,8129.64,8.4225,0.03,392,2388,100.0,39.08,23.4033,167
89,60,0.0002,-0.0001,100.0,518.67,642.06,1588.33,1397.54,14.62,21.61,554.15,2388.01,9048.43,1.3,47.39,521.79,2388.05,8134.64,8.3928,0.03,392,2388,100.0,39.03,23.3516,157
89,70,0.0027,0.0001,100.0,518.67,642.42,1587.75,1398.97,14.62,21.61,554.47,2388.07,9049.0,1.3,47.44,522.23,2388.07,8131.36,8.4409,0.03,393,2388,100.0,38.91,23.3887,147
90,30,-0.0016,0.0005,100.0,518.67,642.73,1584.91,1397.01,14.62,21.61,554.05,2388.08,9050.43,1.3,47.39,522.19,2388.09,8136.7,8.415,0.03,392,2388,100.0,38.9,23.4607,124
90,40,-0.0033,0.0001,100.0,518.67,642.06,1582.11,1397.58,14.62,21.61,553.88,2388.04,9049.73,1.3,47.09,521.99,2388.04,8129.77,8.438,0.03,391,2388,100.0,38.93,23.4258,114
90,50,-0.0006,-0.0001,100.0,518.67,642.12,1579.53,1391.38,14.62,21.61,554.5,2388.01,9054.52,1.3,47.33,522.53,2388.02,8139.9,8.4089,0.03,392,2388,100.0,38.87,23.3707,104
90,60,0.0013,-0.0001,100.0,518.67,642.18,1581.87,1408.81,14.62,21.61,554.09,2388.05,9052.23,1.3,47.53,522.18,2388.02,8131.3,8.3908,0.03,392,2388,100.0,38.88,23.3925,94
90,70,0.0012,-0.0002,100.0,518.67,642.07,1588.61,1404.4,14.62,21.61,554.95,2388.06,9055.95,1.3,47.43,522.2,2388.05,8132.54,8.374,0.03,393,2388,100.0,38.94,23.2229,84
91,30,-0.0014,-0.0001,100.0,518.67,642.77,1594.94,1411.04,14.62,21.61,552.63,2388.07,9044.73,1.3,47.76,521.35,2388.16,8132.32,8.4689,0.03,394,2388,100.0,39.0,23.3011,105
91,40,-0.0008,-0.0001,100.0,518.67,642.66,1588.14,1412.1,14.62,21.61,552.34,2388.1,9051.04,1.3,47.61,521.15,2388.11,8129.67,8.4725,0.03,393,2388,100.0,38.89,23.2626,95
91,50,0.0003,0.0001,100.0,518.67,643.11,1582.51,1417.34,14.62,21.61,553.41,2388.1,9064.04,1.3,47.61,520.88,2388.1,8133.32,8.4802,0.03,394,2388,100.0,38.83,23.291,85
91,60,-0.0015,-0.0004,100.0,518.67,642.67,1589.47,1412.12,14.62,21.61,552.77,2388.15,9062.44,1.3,47.59,520.66,2388.14,8131.12,8.4563,0.03,393,2388,100.0,38.77,23.2335,75
91,70,0.005,0.0002,100.0,518.67,642.51,1586.98,1415.21,14.62,21.61,552.22,2388.19,9054.98,1.3,47.71,521.21,2388.17,8126.24,8.4511,0.03,394,2388,100.0,38.84,23.1641,65
92,30,-0.0005,0.0,100.0,518.67,642.24,1585.87,1400.49,14.62,21.61,553.76,2388.06,9059.54,1.3,47.36,522.18,2388.07,8137.18,8.3755,0.03,394,2388,100.0,39.12,23.4305,311
92,40,0.002,0.0002,100.0,518.67,642.57,1587.86,1407.95,14.62,21.61,553.81,2388.08,9049.61,1.3,47.36,521.98,2388.05,8135.3,8.4058,0.03,392,2388,100.0,38.95,23.4313,301
92,50,-0.0036,-0.0003,100.0,518.67,642.64,1582.99,1398.75,14.62,21.61,554.65,2388.09,9050.1,1.3,47.39,521.95,2388.09,8143.99,8.3974,0.03,393,2388,100.0,39.09,23.3867,291
92,60,-0.0034,0.0004,100.0,518.67,641.96,1589.3,1403.47,14.62,21.61,554.25,2388.07,9053.2,1.3,47.42,521.2,2388.04,8131.35,8.3931,0.03,391,2388,100.0,38.82,23.3751,281
92,70,0.0024,0.0004,100.0,518.67,642.8,1593.82,1398.82,14.62,21.61,553.6,2388.03,9050.86,1.3,47.24,522.28,2388.07,8146.14,8.4054,0.03,391,2388,100.0,38.92,23.3203,271
93,30,-0.0026,0.0005,100.0,518.67,642.63,1587.73,1401.9,14.62,21.61,554.28,2388.05,9061.31,1.3,47.27,521.94,2388.01,8143.35,8.4132,0.03,392,2388,100.0,39.0,23.3961,125
93,40,0.0012,0.0005,100.0,518.67,642.84,1583.49,1403.31,14.62,21.61,554.06,2388.07,9056.56,1.3,47.27,521.58,2388.03,8147.6,8.4133,0.03,392,2388,100.0,39.01,23.3409,115
93,50,-0.0029,0.0001,100.0,518.67,642.77,1591.11,1398.31,14.62,21.61,553.63,2387.99,9055.0,1.3,47.26,521.63,2387.98,8143.15,8.3442,0.03,392,2388,100.0,38.83,23.4036,105
93,60,-0.0016,0.0005,100.0,518.67,642.35,1583.99,1406.37,14.62,21.61,554.01,2388.06,9066.47,1.3,47.45,521.75,2388.04,8145.46,8.3981,0.03,391,2388,100.0,38.98,23.5351,95
93,70,-0.003,0.0001,100.0,518.67,642.76,1583.26,1401.75,14.62,21.61,553.67,2388.05,9063.12,1.3,47.47,521.44,2388.11,8136.38,8.404,0.03,393,2388,100.0,38.95,23.3257,85
94,30,-0.0,0.0001,100.0,518.67,642.64,1594.97,1411.08,14.62,21.61,553.46,2388.16,9055.34,1.3,47.69,521.14,2388.15,8128.22,8.4806,0.03,394,2388,100.0,39.03,23.2881,228
94,40,0.0042,-0.0003,100.0,518.67,642.39,1591.09,1409.47,14.62,21.61,552.59,2388.07,9038.32,1.3,47.53,521.54,2388.1,8129.81,8.4285,0.03,392,2388,100.0,38.87,23.2443,218
94,50,-0.0002,-0.0003,100.0,518.67,643.01,1590.56,1409.42,14.62,21.61,553.36,2388.13,9054.25,1.3,47.42,521.54,2388.16,8127.59,8.4365,0.03,394,2388,100.0,38.82,23.2742,208
94,60,0.0025,0.0001,100.0,518.67,642.48,1591.43,1407.05,14.62,21.61,553.63,2388.14,9045.03,1.3,47.51,521.13,2388.1,8118.88,8.4366,0.03,393,2388,100.0,38.85,23.3193,198
94,70,0.0,-0.0003,100.0,518.67,642.92,1590.54,1413.86,14.62,21.61,552.82,2388.16,9045.49,1.3,47.55,521.09,2388.15,8127.99,8.4579,0.03,394,2388,100.0,38.7,23.205,188
95,30,0.0034,-0.0004,100.0,518.67,641.85,1585.64,1394.45,14.62,21.61,554.54,2388.0,9066.67,1.3,47.34,521.93,2387.98,8150.57,8.423,0.03,391,2388,100.0,39.07,23.3813,253
95,40,0.0024,-0.0002,100.0,518.67,642.58,1579.72,1397.73,14.62,21.61,553.96,2387.98,9065.43,1.3,47.18,522.31,2388.02,8146.93,8.4018,0.03,393,2388,100.0,39.06,23.5442,243
95,50,0.0004,-0.0005,100.0,518.67,642.12,1593.21,1391.86,14.62,21.61,554.0,2388.0,9060.98,1.3,47.34,522.52,2388.03,8152.89,8.3792,0.03,392,2388,100.0,38.99,23.4067,233
95,60,0.0001,-0.0003,100.0,518.67,642.04,1587.87,1394.6,14.62,21.61,554.39,2387.96,9075.08,1.3,47.18,522.53,2387.97,8150.32,8.4098,0.03,391,2388,100.0,39.15,23.4324,223
95,70,0.0022,0.0002,100.0,518.67,642.31,1584.75,1395.67,14.62,21.6,554.99,2387.99,9065.54,1.3,47.43,522.33,2387.96,8154.0,8.4136,0.03,392,2388,100.0,38.98,23.3647,213
96,30,-0.0007,0.0,100.0,518.67,642.28,1588.73,1399.72,14.62,21.61,555.27,2388.0,9052.71,1.3,47.23,522.06,2388.06,8136.67,8.4019,0.03,391,2388,100.0,39.09,23.2911,306
96,40,-0.0,0.0003,100.0,518.67,642.45,1586.71,1394.76,14.62,21.61,553.31,2388.03,9058.89,1.3,47.35,522.21,2388.07,8134.86,8.3951,0.03,393,2388,100.0,38.92,23.4348,296
96,50,-0.0011,-0.0005,100.0,518.67,642.56,1585.47,1399.51,14.62,21.61,554.03,2388.04,9053.16,1.3,47.33,521.99,2388.1,8133.36,8.4231,0.03,394,2388,100.0,38.84,23.3313,286
96,60,-0.0009,-0.0,100.0,518.67,642.11,1590.71,1399.39,14.62,21.61,554.68,2388.1,9052.15,1.3,47.38,521.77,2388.05,8130.79,8.428,0.03,392,2388,100.0,38.99,23.4389,276
96,70,-0.0033,-0.0005,100.0,518.67,642.95,1578.17,1402.44,14.62,21.61,553.76,2388.12,9047.49,1.3,47.34,521.9,2388.04,8132.83,8.4276,0.03,393,2388,100.0,39.07,23.3014,266
97,30,-0.0015,-0.0,100.0,518.67,642.38,1584.91,1407.18,14.62,21.61,555.03,2388.01,9050.18,1.3,47.29,521.99,2388.04,8127.14,8.3824,0.03,392,2388,100.0,39.0,23.4894,172
97,40,0.0007,0.0005,100.0,518.67,642.75,1584.8,1396.84,14.62,21.61,554.32,2388.09,9048.98,1.3,47.32,521.91,2388.11,8130.32,8.4295,0.03,393,2388,100.0,38.95,23.3379,162
97,50,0.0009,-0.0003,100.0,518.67,642.51,1588.78,1400.66,14.62,21.61,553.34,2388.08,9046.53,1.3,47.18,522.48,2388.09,8134.94,8.4472,0.03,391,2388,100.0,39.03,23.3477,152
97,60,0.003,0.0005,100.0,518.67,642.02,1584.5,1395.96,14.62,21.61,554.46,2388.02,9048.43,1.3,47.42,522.28,2388.09,8131.11,8.416,0.03,392,2388,100.0,39.0,23.3572,142
97,70,0.0043,0.0004,100.0,518.67,642.82,1592.36,1405.12,14.62,21.61,554.22,2388.02,9047.99,1.3,47.31,521.51,2388.1,8133.67,8.3962,0.03,393,2388,100.0,38.65,23.3209,132
98,30,0.0024,-0.0001,100.0,518.67,641.85,1578.57,1403.12,14.62,21.61,554.13,2388.02,9073.59,1.3,47.14,522.55,2388.04,8145.23,8.4169,0.03,391,2388,100.0,38.84,23.3659,126
98,40,0.0027,-0.0004,100.0,518.67,642.18,1586.95,1405.05,14.62,21.61,554.02,2388.06,9073.83,1.3,47.19,521.74,2388.03,8152.42,8.3915,0.03,393,2388,100.0,39.01,23.3683,116
98,50,0.0008,-0.0002,100.0,518.67,642.61,1582.93,1390.36,14.62,21.61,554.9,2388.05,9063.93,1.3,47.38,522.45,2388.12,8148.6,8.4068,0.03,391,2388,100.0,38.9,23.3734,106
98,60,0.0013,0.0003,100.0,518.67,642.2,1590.1,1399.36,14.62,21.61,553.39,2388.01,9069.8,1.3,47.19,522.38,2388.02,8147.98,8.3781,0.03,392,2388,100.0,39.0,23.4278,96
98,70,-0.0017,0.0002,100.0,518.67,642.64,1587.58,1396.18,14.62,21.61,553.9,2388.05,9071.74,1.3,47.34,521.93,2388.03,8147.84,8.4357,0.03,394,2388,100.0,38.98,23.449,86
99,30,0.0013,-0.0,100.0,518.67,642.1,1586.84,1402.89,14.62,21.61,554.15,2388.07,9057.65,1.3,47.08,522.37,2388.08,8139.75,8.4196,0.03,392,2388,100.0,39.02,23.3313,155
99,40,0.0013,0.0002,100.0,518.67,642.02,1589.95,1400.82,14.62,21.61,554.32,2388.0,9057.69,1.3,47.35,522.12,2388.02,8136.75,8.4319,0.03,391,2388,100.0,38.9,23.3708,145
99,50,-0.0023,-0.0004,100.0,518.67,641.88,1591.72,1400.68,14.62,21.61,554.5,2388.11,9054.98,1.3,47.44,522.24,2388.06,8135.54,8.4188,0.03,391,2388,100.0,38.88,23.3519,135
99,60,-0.0028,0.0004,100.0,518.67,642.16,1586.33,1402.31,14.62,21.61,554.43,2388.04,9054.04,1.3,47.44,521.61,2388.06,8135.08,8.4072,0.03,393,2388,100.0,39.04,23.3517,125
99,70,0.0024,0.0003,100.0,518.67,642.64,1585.1,1396.42,14.62,21.61,553.7,2388.08,9058.42,1.3,47.32,521.5,2388.0,8133.57,8.4078,0.03,392,2388,100.0,38.87,23.3361,115
100,30,-0.0009,-0.0003,100.0,518.67,642.4,1586.59,1398.54,14.62,21.61,554.08,2388.08,9061.48,1.3,47.37,521.57,2388.03,8141.65,8.4058,0.03,392,2388,100.0,38.88,23.3513,170
100,40,-0.0007,0.0002,100.0,518.67,642.55,1586.92,1409.9,14.62,21.61,553.36,2388.07,9066.42,1.3,47.5,522.24,2388.04,8143.32,8.4446,0.03,392,2388,100.0,39.05,23.3823,160
100,50,0.0005,0.0004,100.0,518.67,642.47,1584.2,1403.28,14.62,21.61,553.53,2388.07,9063.38,1.3,47.31,521.64,2388.05,8141.99,8.4159,0.03,394,2388,100.0,38.88,23.3556,150
100,60,-0.0033,0.0004,100.0,518.67,643.01,1593.27,1410.68,14.62,21.6,553.32,2388.09,9065.5,1.3,47.46,521.89,2388.02,8146.78,8.4118,0.03,394,2388,100.0,38.89,23.2747,140
100,70,0.0015,-0.0004,100.0,518.67,642.0,1586.98,1410.26,14.62,21.61,554.08,2388.04,9065.12,1.3,47.41,521.69,2388.09,8145.55,8.4377,0.03,393,2388,100.0,38.85,23.3086,130
